text,area,total_no_tokens,SI,GI
AU_S1A-001_R1000.txt,AU,2244,282,1188
AU_S1A-002_R1000.txt,AU,2240,293,1283
AU_S1A-003_R1000.txt,AU,2104,257,1217
AU_S1A-004_R1000.txt,AU,2220,301,1240
AU_S1A-005_R1000.txt,AU,2961,456,1962
AU_S1A-006_R1000.txt,AU,2180,377,1354
AU_S1A-007_R1000.txt,AU,2192,380,1362
AU_S1A-008_R1000.txt,AU,2171,301,1371
AU_S1A-009_R1000.txt,AU,2170,365,1344
AU_S1A-010_R1000.txt,AU,2204,388,1421
AU_S1A-011_R1000.txt,AU,2177,282,1279
AU_S1A-012_R1000.txt,AU,2235,359,1524
AU_S1A-013_R1000.txt,AU,2354,364,1481
AU_S1A-014_R1000.txt,AU,2230,360,1339
AU_S1A-015_R1000.txt,AU,2201,322,1318
AU_S1A-016_R1000.txt,AU,2173,331,1359
AU_S1A-017_R1000.txt,AU,2221,326,1316
AU_S1A-018_R1000.txt,AU,2244,318,1275
AU_S1A-019_R1000.txt,AU,2142,347,1310
AU_S1A-020_R1000.txt,AU,2252,341,1314
AU_S1A-021_R1000.txt,AU,2210,402,1388
AU_S1A-022_R1000.txt,AU,2260,375,1425
AU_S1A-023_R1000.txt,AU,2233,310,1337
AU_S1A-024_R1000.txt,AU,2280,334,1291
AU_S1A-025_R1000.txt,AU,2247,318,1391
AU_S1A-026_R1000.txt,AU,2268,365,1311
AU_S1A-027_R1000.txt,AU,2181,336,1342
AU_S1A-028_R1000.txt,AU,2253,318,1319
AU_S1A-029_R1000.txt,AU,2269,359,1339
AU_S1A-030_R1000.txt,AU,2214,346,1339
AU_S1A-031_R1000.txt,AU,2201,356,1336
AU_S1A-032_R1000.txt,AU,2184,291,1305
AU_S1A-033_R1000.txt,AU,2194,341,1298
AU_S1A-034_R1000.txt,AU,2140,316,1220
AU_S1A-035_R1000.txt,AU,2225,373,1422
AU_S1A-036_R1000.txt,AU,2207,378,1412
AU_S1A-037_R1000.txt,AU,2158,274,1237
AU_S1A-038_R1000.txt,AU,2218,353,1218
AU_S1A-039_R1000.txt,AU,2452,373,1352
AU_S1A-040_R1000.txt,AU,2147,328,1265
AU_S1A-041_R1000.txt,AU,2195,357,1430
AU_S1A-042_R1000.txt,AU,2217,298,1339
AU_S1A-043_R1000.txt,AU,2259,339,1320
AU_S1A-044_R1000.txt,AU,2199,368,1310
AU_S1A-045_R1000.txt,AU,2242,350,1391
AU_S1A-046_R1000.txt,AU,2182,320,1351
AU_S1A-047_R1000.txt,AU,2239,396,1412
AU_S1A-048_R1000.txt,AU,2309,349,1390
AU_S1A-049_R1000.txt,AU,2216,348,1401
AU_S1A-050_R1000.txt,AU,2222,354,1426
AU_S1A-051_R1000.txt,AU,2164,272,1273
AU_S1A-052_R1000.txt,AU,2187,358,1358
AU_S1A-053_R1000.txt,AU,2218,315,1325
AU_S1A-054_R1000.txt,AU,2231,383,1346
AU_S1A-055_R1000.txt,AU,2260,327,1414
AU_S1A-056_R1000.txt,AU,2199,314,1297
AU_S1A-057_R1000.txt,AU,2210,327,1330
AU_S1A-058_R1000.txt,AU,2236,367,1369
AU_S1A-059_R1000.txt,AU,2121,303,1246
AU_S1A-060_R1000.txt,AU,2229,357,1355
AU_S1A-061_R1000.txt,AU,2261,354,1378
AU_S1A-062_R1000.txt,AU,2314,350,1352
AU_S1A-063_R1000.txt,AU,2218,353,1339
AU_S1A-064_R1000.txt,AU,2321,357,1454
AU_S1A-065_R1000.txt,AU,2159,361,1368
AU_S1A-066_R1000.txt,AU,2282,349,1371
AU_S1A-067_R1000.txt,AU,2229,412,1487
AU_S1A-068_R1000.txt,AU,2260,398,1389
AU_S1A-069_R1000.txt,AU,2280,353,1416
AU_S1A-070_R1000.txt,AU,2259,328,1322
AU_S1A-071_R1000.txt,AU,2133,287,1291
AU_S1A-072_R1000.txt,AU,2222,358,1334
AU_S1A-073_R1000.txt,AU,2150,309,1295
AU_S1A-074_R1000.txt,AU,2250,346,1315
AU_S1A-075_R1000.txt,AU,2205,370,1361
AU_S1A-076_R1000.txt,AU,2297,351,1367
AU_S1A-077_R1000.txt,AU,2283,368,1375
AU_S1A-078_R1000.txt,AU,2230,334,1403
AU_S1A-079_R1000.txt,AU,2274,378,1446
AU_S1A-080_R1000.txt,AU,2161,274,1332
AU_S1A-081_R1000.txt,AU,2246,326,1276
AU_S1A-082_R1000.txt,AU,2288,380,1408
AU_S1A-083_R1000.txt,AU,2248,308,1366
AU_S1A-084_R1000.txt,AU,2202,346,1360
AU_S1A-085_R1000.txt,AU,2249,417,1468
AU_S1A-086_R1000.txt,AU,2212,369,1354
AU_S1A-087_R1000.txt,AU,2211,342,1270
AU_S1A-088_R1000.txt,AU,2317,335,1407
AU_S1A-089_R1000.txt,AU,2336,367,1376
AU_S1A-090_R1000.txt,AU,2280,294,1303
AU_S1A-091_R1000.txt,AU,2200,331,1368
AU_S1A-092_R1000.txt,AU,2190,339,1333
AU_S1A-093_R1000.txt,AU,2247,365,1364
AU_S1A-094_R1000.txt,AU,2194,368,1370
AU_S1A-095_R1000.txt,AU,2107,320,1309
AU_S1A-096_R1000.txt,AU,2356,442,1446
AU_S1A-097_R1000.txt,AU,2180,330,1267
AU_S1A-098_R1000.txt,AU,2245,334,1310
AU_S1A-099_R1000.txt,AU,2213,311,1210
AU_S1A-100_R1000.txt,AU,2147,329,1319
CAN_s1a-001_R1000.txt,CAN,2276,282,1364
CAN_s1a-002_R1000.txt,CAN,2189,358,1443
CAN_s1a-003_R1000.txt,CAN,2253,349,1427
CAN_s1a-004_R1000.txt,CAN,2186,285,1328
CAN_s1a-005_R1000.txt,CAN,2357,312,1373
CAN_s1a-006_R1000.txt,CAN,2257,308,1266
CAN_s1a-007_R1000.txt,CAN,2210,365,1359
CAN_s1a-008_R1000.txt,CAN,2218,317,1366
CAN_s1a-009_R1000.txt,CAN,2189,314,1390
CAN_s1a-010_R1000.txt,CAN,2196,268,1285
CAN_s1a-011_R1000.txt,CAN,2382,376,1544
CAN_s1a-012_R1000.txt,CAN,2285,271,1256
CAN_s1a-013_R1000.txt,CAN,2340,342,1371
CAN_s1a-014_R1000.txt,CAN,2285,362,1348
CAN_s1a-015_R1000.txt,CAN,2168,322,1380
CAN_s1a-016_R1000.txt,CAN,2165,367,1368
CAN_s1a-017_R1000.txt,CAN,2237,319,1354
CAN_s1a-018_R1000.txt,CAN,2140,319,1299
CAN_s1a-019_R1000.txt,CAN,2305,302,1327
CAN_s1a-020_R1000.txt,CAN,2210,321,1285
CAN_s1a-021_R1000.txt,CAN,2229,296,1241
CAN_s1a-022_R1000.txt,CAN,2225,320,1312
CAN_s1a-023_R1000.txt,CAN,2192,372,1324
CAN_s1a-024_R1000.txt,CAN,2196,257,1242
CAN_s1a-025_R1000.txt,CAN,2162,297,1328
CAN_s1a-026_R1000.txt,CAN,2187,340,1345
CAN_s1a-027_R1000.txt,CAN,2190,344,1351
CAN_s1a-028_R1000.txt,CAN,2167,380,1395
CAN_s1a-029_R1000.txt,CAN,2183,296,1216
CAN_s1a-030_R1000.txt,CAN,2167,312,1223
CAN_s1a-031_R1000.txt,CAN,2142,268,1253
CAN_s1a-032_R1000.txt,CAN,2258,354,1432
CAN_s1a-033_R1000.txt,CAN,2180,247,1307
CAN_s1a-034_R1000.txt,CAN,2183,333,1361
CAN_s1a-035_R1000.txt,CAN,2208,339,1337
CAN_s1a-036_R1000.txt,CAN,2173,286,1302
CAN_s1a-037_R1000.txt,CAN,2379,276,1391
CAN_s1a-038_R1000.txt,CAN,2250,315,1207
CAN_s1a-039_R1000.txt,CAN,2127,351,1326
CAN_s1a-040_R1000.txt,CAN,2144,355,1303
CAN_s1a-041_R1000.txt,CAN,2094,335,1282
CAN_s1a-042_R1000.txt,CAN,2089,320,1289
CAN_s1a-043_R1000.txt,CAN,2141,340,1354
CAN_s1a-044_R1000.txt,CAN,2219,326,1347
CAN_s1a-045_R1000.txt,CAN,2173,326,1300
CAN_s1a-046_R1000.txt,CAN,2154,256,1319
CAN_s1a-047_R1000.txt,CAN,2184,243,1326
CAN_s1a-048_R1000.txt,CAN,2154,231,1305
CAN_s1a-049_R1000.txt,CAN,2145,317,1386
CAN_s1a-050_R1000.txt,CAN,2180,350,1375
CAN_s1a-051_R1000.txt,CAN,2102,355,1324
CAN_s1a-052_R1000.txt,CAN,2192,338,1335
CAN_s1a-053_R1000.txt,CAN,2111,331,1335
CAN_s1a-054_R1000.txt,CAN,2117,303,1212
CAN_s1a-055_R1000.txt,CAN,2116,345,1287
CAN_s1a-056_R1000.txt,CAN,2157,296,1323
CAN_s1a-057_R1000.txt,CAN,2129,285,1268
CAN_s1a-058_R1000.txt,CAN,2117,304,1264
CAN_s1a-059_R1000.txt,CAN,2186,294,1268
CAN_s1a-060_R1000.txt,CAN,2176,319,1332
CAN_s1a-061_R1000.txt,CAN,2175,325,1318
CAN_s1a-062_R1000.txt,CAN,2163,257,1339
CAN_s1a-063_R1000.txt,CAN,2178,311,1329
CAN_s1a-064_R1000.txt,CAN,2136,293,1257
CAN_s1a-065_R1000.txt,CAN,2200,301,1372
CAN_s1a-066_R1000.txt,CAN,2235,332,1430
CAN_s1a-067_R1000.txt,CAN,2382,354,1553
CAN_s1a-068_R1000.txt,CAN,2223,318,1394
CAN_s1a-069_R1000.txt,CAN,2183,348,1410
CAN_s1a-070_R1000.txt,CAN,2186,348,1468
CAN_s1a-071_R1000.txt,CAN,2206,299,1399
CAN_s1a-072_R1000.txt,CAN,2212,306,1310
CAN_s1a-073_R1000.txt,CAN,2252,327,1312
CAN_s1a-074_R1000.txt,CAN,2323,380,1363
CAN_s1a-075_R1000.txt,CAN,2407,351,1377
CAN_s1a-076_R1000.txt,CAN,2260,336,1358
CAN_s1a-077_R1000.txt,CAN,2096,384,1445
CAN_s1a-078_R1000.txt,CAN,2133,355,1379
CAN_s1a-079_R1000.txt,CAN,2166,245,1290
CAN_s1a-080_R1000.txt,CAN,2168,322,1392
CAN_s1a-081_R1000.txt,CAN,2160,324,1339
CAN_s1a-082_R1000.txt,CAN,2230,355,1407
CAN_s1a-083_R1000.txt,CAN,2270,411,1438
CAN_s1a-084_R1000.txt,CAN,2261,349,1459
CAN_s1a-085_R1000.txt,CAN,2215,329,1369
CAN_s1a-086_R1000.txt,CAN,2211,350,1379
CAN_s1a-087_R1000.txt,CAN,2290,373,1425
CAN_s1a-088_R1000.txt,CAN,2384,368,1427
CAN_s1a-089_R1000.txt,CAN,2135,331,1395
CAN_s1a-090_R1000.txt,CAN,2172,359,1394
CAN_s1a-091_R1000.txt,CAN,2292,362,1365
CAN_s1a-092_R1000.txt,CAN,2442,363,1420
CAN_s1a-093_R1000.txt,CAN,2427,389,1411
CAN_s1a-094_R1000.txt,CAN,2368,347,1403
CAN_s1a-095_R1000.txt,CAN,2464,337,1496
CAN_s1a-096_R1000.txt,CAN,2291,349,1323
CAN_s1a-097_R1000.txt,CAN,2345,341,1417
CAN_s1a-098_R1000.txt,CAN,2266,292,1320
CAN_s1a-099_R1000.txt,CAN,2342,315,1385
CAN_s1a-100_R1000.txt,CAN,2301,285,1356
GB_s1a-001_R1000.txt,GB,2055,317,1346
GB_s1a-002_R1000.txt,GB,2070,297,1272
GB_s1a-003_R1000.txt,GB,2152,275,1297
GB_s1a-004_R1000.txt,GB,2093,329,1297
GB_s1a-005_R1000.txt,GB,2185,300,1370
GB_s1a-006_R1000.txt,GB,2146,297,1343
GB_s1a-007_R1000.txt,GB,2101,305,1319
GB_s1a-008_R1000.txt,GB,2280,388,1461
GB_s1a-009_R1000.txt,GB,2017,313,1087
GB_s1a-010_R1000.txt,GB,2111,284,1295
GB_s1a-011_R1000.txt,GB,1984,293,1191
GB_s1a-012_R1000.txt,GB,1849,309,1166
GB_s1a-013_R1000.txt,GB,2229,350,1382
GB_s1a-014_R1000.txt,GB,2067,345,1305
GB_s1a-015_R1000.txt,GB,2045,274,1251
GB_s1a-016_R1000.txt,GB,2108,250,1246
GB_s1a-017_R1000.txt,GB,1854,278,1130
GB_s1a-018_R1000.txt,GB,2041,310,1231
GB_s1a-019_R1000.txt,GB,2327,341,1383
GB_s1a-020_R1000.txt,GB,2012,300,1198
GB_s1a-021_R1000.txt,GB,1890,273,1119
GB_s1a-022_R1000.txt,GB,1900,304,1155
GB_s1a-023_R1000.txt,GB,2219,323,1290
GB_s1a-024_R1000.txt,GB,2191,258,1272
GB_s1a-025_R1000.txt,GB,2183,351,1263
GB_s1a-026_R1000.txt,GB,2000,270,1162
GB_s1a-027_R1000.txt,GB,1832,254,1097
GB_s1a-028_R1000.txt,GB,2183,365,1358
GB_s1a-029_R1000.txt,GB,2212,303,1309
GB_s1a-030_R1000.txt,GB,1933,296,1212
GB_s1a-031_R1000.txt,GB,2063,266,1262
GB_s1a-032_R1000.txt,GB,1704,288,1054
GB_s1a-033_R1000.txt,GB,2020,278,1217
GB_s1a-034_R1000.txt,GB,2079,311,1231
GB_s1a-035_R1000.txt,GB,2047,245,1195
GB_s1a-036_R1000.txt,GB,2097,335,1284
GB_s1a-037_R1000.txt,GB,2268,327,1358
GB_s1a-038_R1000.txt,GB,1945,297,1186
GB_s1a-039_R1000.txt,GB,2094,341,1247
GB_s1a-040_R1000.txt,GB,2447,418,1535
GB_s1a-041_R1000.txt,GB,2258,344,1323
GB_s1a-042_R1000.txt,GB,2021,301,1197
GB_s1a-043_R1000.txt,GB,1797,221,1078
GB_s1a-044_R1000.txt,GB,1806,295,1078
GB_s1a-045_R1000.txt,GB,2114,318,1347
GB_s1a-046_R1000.txt,GB,1910,284,1159
GB_s1a-047_R1000.txt,GB,2146,322,1400
GB_s1a-048_R1000.txt,GB,1969,240,1130
GB_s1a-049_R1000.txt,GB,2025,373,1270
GB_s1a-050_R1000.txt,GB,2277,348,1496
GB_s1a-051_R1000.txt,GB,1995,298,1195
GB_s1a-052_R1000.txt,GB,2044,343,1376
GB_s1a-053_R1000.txt,GB,2208,349,1326
GB_s1a-054_R1000.txt,GB,2240,332,1391
GB_s1a-055_R1000.txt,GB,1906,340,1172
GB_s1a-056_R1000.txt,GB,1964,285,1206
GB_s1a-057_R1000.txt,GB,2154,291,1299
GB_s1a-058_R1000.txt,GB,2097,345,1312
GB_s1a-059_R1000.txt,GB,2004,302,1256
GB_s1a-060_R1000.txt,GB,2207,301,1452
GB_s1a-061_R1000.txt,GB,2176,295,1245
GB_s1a-062_R1000.txt,GB,2047,272,1321
GB_s1a-063_R1000.txt,GB,1928,319,1159
GB_s1a-064_R1000.txt,GB,2043,329,1396
GB_s1a-065_R1000.txt,GB,1885,297,1154
GB_s1a-066_R1000.txt,GB,2088,277,1216
GB_s1a-067_R1000.txt,GB,2105,310,1265
GB_s1a-068_R1000.txt,GB,1994,313,1240
GB_s1a-069_R1000.txt,GB,2154,313,1247
GB_s1a-070_R1000.txt,GB,1869,272,1179
GB_s1a-071_R1000.txt,GB,2103,305,1257
GB_s1a-072_R1000.txt,GB,1988,291,1223
GB_s1a-073_R1000.txt,GB,1860,271,1187
GB_s1a-074_R1000.txt,GB,1954,263,1040
GB_s1a-075_R1000.txt,GB,2205,326,1412
GB_s1a-076_R1000.txt,GB,2197,287,1352
GB_s1a-077_R1000.txt,GB,2131,275,1287
GB_s1a-078_R1000.txt,GB,1962,280,1246
GB_s1a-079_R1000.txt,GB,2160,272,1315
GB_s1a-080_R1000.txt,GB,2237,315,1379
GB_s1a-081_R1000.txt,GB,2107,349,1275
GB_s1a-082_R1000.txt,GB,2050,316,1318
GB_s1a-083_R1000.txt,GB,2015,253,1215
GB_s1a-084_R1000.txt,GB,2227,318,1402
GB_s1a-085_R1000.txt,GB,2137,362,1338
GB_s1a-086_R1000.txt,GB,1990,266,1243
GB_s1a-087_R1000.txt,GB,2291,311,1298
GB_s1a-088_R1000.txt,GB,2092,266,1187
GB_s1a-089_R1000.txt,GB,1969,299,1179
GB_s1a-090_R1000.txt,GB,1979,306,1273
GB_s1a-091_R1000.txt,GB,2153,335,1347
GB_s1a-092_R1000.txt,GB,1973,278,1200
GB_s1a-093_R1000.txt,GB,2049,289,1244
GB_s1a-094_R1000.txt,GB,2162,325,1324
GB_s1a-095_R1000.txt,GB,1763,219,910
GB_s1a-096_R1000.txt,GB,2285,359,1360
GB_s1a-097_R1000.txt,GB,2171,298,1230
GB_s1a-098_R1000.txt,GB,1813,229,983
GB_s1a-099_R1000.txt,GB,2210,284,1247
GB_s1a-100_R1000.txt,GB,1982,267,1159
GH_s1a-001_R1000.txt,GH,1794,270,1039
GH_s1a-002_R1000.txt,GH,1818,315,1132
GH_s1a-003_R1000.txt,GH,1997,309,1368
GH_s1a-004_R1000.txt,GH,1977,240,1089
GH_s1a-005_R1000.txt,GH,2253,307,1330
GH_s1a-006_R1000.txt,GH,2163,269,1478
GH_s1a-007_R1000.txt,GH,1892,232,1057
GH_s1a-008_R1000.txt,GH,1800,267,1064
GH_s1a-009_R1000.txt,GH,2137,300,1381
GH_s1a-010_R1000.txt,GH,1771,222,1029
GH_s1a-011_R1000.txt,GH,2192,280,1365
GH_s1a-012_R1000.txt,GH,1927,280,1195
GH_s1a-013_R1000.txt,GH,2054,265,1320
GH_s1a-014_R1000.txt,GH,1979,328,1263
GH_s1a-015_R1000.txt,GH,2220,236,1184
GH_s1a-016_R1000.txt,GH,1954,312,1310
GH_s1a-017_R1000.txt,GH,1981,334,1199
GH_s1a-018_R1000.txt,GH,2142,282,1359
GH_s1a-019_R1000.txt,GH,2218,304,1352
GH_s1a-020_R1000.txt,GH,1897,287,1222
GH_s1a-021_R1000.txt,GH,1941,247,1178
GH_s1a-022_R1000.txt,GH,1737,217,945
GH_s1a-023_R1000.txt,GH,2031,280,1252
GH_s1a-024_R1000.txt,GH,1891,282,1057
GH_s1a-025_R1000.txt,GH,1925,281,1226
GH_s1a-026_R1000.txt,GH,1948,278,1213
GH_s1a-027_R1000.txt,GH,1873,275,1115
GH_s1a-028_R1000.txt,GH,1845,244,1144
GH_s1a-029_R1000.txt,GH,2220,289,1270
GH_s1a-029_backup_R1000.txt,GH,2071,331,1323
GH_s1a-030_R1000.txt,GH,1979,292,1157
GH_s1a-031_R1000.txt,GH,1965,338,1260
GH_s1a-032_R1000.txt,GH,2165,239,1202
GH_s1a-033_R1000.txt,GH,2152,346,1308
GH_s1a-034_R1000.txt,GH,2149,307,1282
GH_s1a-035_R1000.txt,GH,2034,259,1211
GH_s1a-036_R1000.txt,GH,2150,335,1332
GH_s1a-037_R1000.txt,GH,2092,309,1286
GH_s1a-038_R1000.txt,GH,1880,222,1116
GH_s1a-039_R1000.txt,GH,2264,377,1429
GH_s1a-040_R1000.txt,GH,2337,421,1562
GH_s1a-041_R1000.txt,GH,2218,291,1375
GH_s1a-042_R1000.txt,GH,1988,270,1049
GH_s1a-043_R1000.txt,GH,2149,343,1317
GH_s1a-044_R1000.txt,GH,1927,332,1190
GH_s1a-045_R1000.txt,GH,2049,307,1328
GH_s1a-046_R1000.txt,GH,2199,357,1295
GH_s1a-047_R1000.txt,GH,2305,371,1474
GH_s1a-048_R1000.txt,GH,2322,339,1388
GH_s1a-049_R1000.txt,GH,2257,356,1407
GH_s1a-050_R1000.txt,GH,2027,293,1222
GH_s1a-051_R1000.txt,GH,2196,371,1430
GH_s1a-052_R1000.txt,GH,2032,364,1387
GH_s1a-053_R1000.txt,GH,1750,254,1056
GH_s1a-054_R1000.txt,GH,1886,310,1215
GH_s1a-055_R1000.txt,GH,2037,338,1304
GH_s1a-056_R1000.txt,GH,2059,284,1279
GH_s1a-057_R1000.txt,GH,1640,265,1048
GH_s1a-058_R1000.txt,GH,1940,325,1283
GH_s1a-059_R1000.txt,GH,2129,258,1360
GH_s1a-060_R1000.txt,GH,1701,207,899
GH_s1a-061_R1000.txt,GH,1895,243,1061
GH_s1a-062_R1000.txt,GH,1983,220,1201
GH_s1a-063_R1000.txt,GH,1941,243,1136
GH_s1a-064_R1000.txt,GH,2113,310,1301
GH_s1a-065_R1000.txt,GH,2107,298,1364
GH_s1a-066_R1000.txt,GH,2035,252,1258
GH_s1a-067_R1000.txt,GH,1903,263,1161
GH_s1a-068_R1000.txt,GH,2012,326,1158
GH_s1a-069_R1000.txt,GH,652,123,404
GH_s1a-070_R1000.txt,GH,2063,304,1221
GH_s1a-071_R1000.txt,GH,594,56,359
GH_s1a-072_R1000.txt,GH,468,56,247
GH_s1a-073_R1000.txt,GH,2146,264,1257
GH_s1a-074_R1000.txt,GH,1995,261,1144
GH_s1a-075_R1000.txt,GH,1878,247,1060
GH_s1a-076_R1000.txt,GH,1692,173,1000
GH_s1a-077_R1000.txt,GH,2000,297,1295
GH_s1a-078_R1000.txt,GH,1952,248,1101
GH_s1a-079_R1000.txt,GH,1755,288,1051
GH_s1a-080_R1000.txt,GH,1996,279,1254
GH_s1a-081_R1000.txt,GH,1836,220,1029
GH_s1a-082_R1000.txt,GH,1797,262,1152
GH_s1a-083_R1000.txt,GH,1888,287,1178
GH_s1a-084_R1000.txt,GH,1924,266,1231
GH_s1a-085_R1000.txt,GH,1798,216,968
GH_s1a-086_R1000.txt,GH,1818,240,1088
GH_s1a-087_R1000.txt,GH,2010,344,1283
GH_s1a-088_R1000.txt,GH,2070,246,1271
GH_s1a-089_R1000.txt,GH,2045,279,1271
GH_s1a-090_R1000.txt,GH,1827,294,1113
GH_s1a-091_R1000.txt,GH,3690,635,2353
GH_s1a-092_first draft_R1000.txt,GH,6669,1283,4167
GH_s1a-093_R1000.txt,GH,1869,269,1120
GH_s1a-094_R1000.txt,GH,1868,226,1048
GH_s1a-095_R1000.txt,GH,1922,258,1122
GH_s1a-096_first draft_R1000.txt,GH,14037,2044,8568
GH_s1a-097_first draft_R1000.txt,GH,1998,347,1271
GH_s1a-098_R1000.txt,GH,1881,290,1171
GH_s1a-099_R1000.txt,GH,2011,327,1272
GH_s1a-100_R1000.txt,GH,1818,230,1151
HK_s1a-001_R1000.txt,HK,5792,676,3144
HK_s1a-002_R1000.txt,HK,3277,415,1781
HK_s1a-003_R1000.txt,HK,6962,845,3510
HK_s1a-004_R1000.txt,HK,5742,646,2782
HK_s1a-005_R1000.txt,HK,3500,328,1638
HK_s1a-006_R1000.txt,HK,3967,516,2237
HK_s1a-007_R1000.txt,HK,2272,265,1235
HK_s1a-008_R1000.txt,HK,5510,516,2681
HK_s1a-009_R1000.txt,HK,5188,556,2735
HK_s1a-010_R1000.txt,HK,5992,704,3105
HK_s1a-011_R1000.txt,HK,6838,738,3574
HK_s1a-012_R1000.txt,HK,3965,275,1920
HK_s1a-013_R1000.txt,HK,3227,306,1739
HK_s1a-014_R1000.txt,HK,5829,809,3287
HK_s1a-015_R1000.txt,HK,3261,432,1854
HK_s1a-016_R1000.txt,HK,3963,389,2079
HK_s1a-017_R1000.txt,HK,3611,431,1936
HK_s1a-018_R1000.txt,HK,4438,517,2318
HK_s1a-019_R1000.txt,HK,2925,512,1840
HK_s1a-020_R1000.txt,HK,3694,392,1763
HK_s1a-021_R1000.txt,HK,6449,615,3262
HK_s1a-022_R1000.txt,HK,4532,438,2408
HK_s1a-023_R1000.txt,HK,4274,469,2167
HK_s1a-024_R1000.txt,HK,3298,411,1776
HK_s1a-025_R1000.txt,HK,4780,562,2460
HK_s1a-026_R1000.txt,HK,3962,420,2043
HK_s1a-027_R1000.txt,HK,5978,576,3073
HK_s1a-028_R1000.txt,HK,3682,359,2027
HK_s1a-029_R1000.txt,HK,2735,277,1307
HK_s1a-030_R1000.txt,HK,7064,856,4017
HK_s1a-031_R1000.txt,HK,4640,643,2718
HK_s1a-032_R1000.txt,HK,4446,482,2331
HK_s1a-033_R1000.txt,HK,2509,363,1520
HK_s1a-034_R1000.txt,HK,2655,301,1407
HK_s1a-035_R1000.txt,HK,6443,683,3704
HK_s1a-036_R1000.txt,HK,3205,386,1725
HK_s1a-037_R1000.txt,HK,3645,310,1680
HK_s1a-038_R1000.txt,HK,3590,353,1817
HK_s1a-039_R1000.txt,HK,5222,675,3094
HK_s1a-040_R1000.txt,HK,3413,407,1971
HK_s1a-041_R1000.txt,HK,3772,438,2078
HK_s1a-042_R1000.txt,HK,7995,799,4042
HK_s1a-043_R1000.txt,HK,3443,335,1613
HK_s1a-044_R1000.txt,HK,3898,442,1892
HK_s1a-045_R1000.txt,HK,5616,510,2683
HK_s1a-046_R1000.txt,HK,3887,389,1835
HK_s1a-047_R1000.txt,HK,2942,485,1781
HK_s1a-048_R1000.txt,HK,3453,310,1781
HK_s1a-049_R1000.txt,HK,5810,784,3339
HK_s1a-050_R1000.txt,HK,2670,308,1298
HK_s1a-051_R1000.txt,HK,3121,299,1494
HK_s1a-052_R1000.txt,HK,4580,524,2575
HK_s1a-053_R1000.txt,HK,3930,483,2305
HK_s1a-054_R1000.txt,HK,4535,457,2483
HK_s1a-055_R1000.txt,HK,4021,474,2250
HK_s1a-056_R1000.txt,HK,4253,511,2123
HK_s1a-057_R1000.txt,HK,5035,627,2829
HK_s1a-058_R1000.txt,HK,5072,673,2834
HK_s1a-059_R1000.txt,HK,6256,761,3470
HK_s1a-060_R1000.txt,HK,3989,411,2161
HK_s1a-061_R1000.txt,HK,4993,511,2473
HK_s1a-062_R1000.txt,HK,4016,516,2261
HK_s1a-063_R1000.txt,HK,3317,317,1651
HK_s1a-064_R1000.txt,HK,4865,495,2633
HK_s1a-065_R1000.txt,HK,4422,441,2089
HK_s1a-066_R1000.txt,HK,3764,374,1877
HK_s1a-067_R1000.txt,HK,4227,388,2142
HK_s1a-068_R1000.txt,HK,3326,318,1419
HK_s1a-069_R1000.txt,HK,5590,628,2879
HK_s1a-070_R1000.txt,HK,4963,507,2752
HK_s1a-071_R1000.txt,HK,7259,839,3646
HK_s1a-072_R1000.txt,HK,3802,478,2087
HK_s1a-073_R1000.txt,HK,3381,326,1961
HK_s1a-074_R1000.txt,HK,3197,309,1820
HK_s1a-075_R1000.txt,HK,6189,750,3563
HK_s1a-076_R1000.txt,HK,2722,193,1434
HK_s1a-077_R1000.txt,HK,3540,372,1921
HK_s1a-078_R1000.txt,HK,3161,374,1788
HK_s1a-079_R1000.txt,HK,3508,379,1923
HK_s1a-080_R1000.txt,HK,4009,454,2115
HK_s1a-081_R1000.txt,HK,4260,422,2072
HK_s1a-082_R1000.txt,HK,2539,234,1232
HK_s1a-083_R1000.txt,HK,5687,647,3031
HK_s1a-084_R1000.txt,HK,4630,427,2363
HK_s1a-085_R1000.txt,HK,2802,234,1401
HK_s1a-086_R1000.txt,HK,2764,286,1425
HK_s1a-087_R1000.txt,HK,4925,750,2565
HK_s1a-088_R1000.txt,HK,3517,320,1741
HK_s1a-089_R1000.txt,HK,4161,519,2255
HK_s1a-090_R1000.txt,HK,5621,626,3048
HK_s1a-091_R1000.txt,HK,5699,610,3136
HK_s1a-092_R1000.txt,HK,4362,456,2189
HK_s1a-093_R1000.txt,HK,2568,275,1427
HK_s1a-094_R1000.txt,HK,2859,330,1451
HK_s1a-095_R1000.txt,HK,2735,352,1499
HK_s1a-096_R1000.txt,HK,3366,389,1769
HK_s1a-097_R1000.txt,HK,3306,429,1788
HK_s1a-098_R1000.txt,HK,2331,253,1269
HK_s1a-099_R1000.txt,HK,3045,302,1660
HK_s1a-100_R1000.txt,HK,2911,338,1588
HEB_001_clean_R1000.txt,Heb,3412,589,2181
HEB_002_clean_R1000.txt,Heb,706,121,465
HEB_003_clean_R1000.txt,Heb,702,108,433
HEB_004_clean_R1000.txt,Heb,301,56,202
HEB_005_clean_R1000.txt,Heb,552,98,371
HEB_006_clean_R1000.txt,Heb,8017,1332,5338
HEB_007_clean_R1000.txt,Heb,4412,708,2872
HEB_008_clean_R1000.txt,Heb,3252,567,2146
HEB_009_clean_R1000.txt,Heb,1381,187,863
HEB_010_clean_R1000.txt,Heb,4259,576,2612
HEB_011_clean_R1000.txt,Heb,5156,761,3375
HEB_012_clean_R1000.txt,Heb,2073,296,1297
HEB_013_clean_R1000.txt,Heb,2018,309,1246
HEB_014_clean_R1000.txt,Heb,3005,473,1858
HEB_015_clean_R1000.txt,Heb,9168,1579,6469
HEB_016_clean_R1000.txt,Heb,3096,631,2279
HEB_017_clean_R1000.txt,Heb,4285,690,2963
HEB_018_clean_R1000.txt,Heb,14590,2532,9816
HEB_019_clean_R1000.txt,Heb,2249,322,1277
HEB_020_clean_R1000.txt,Heb,1368,204,900
HEB_021_clean_R1000.txt,Heb,5720,899,3730
HEB_022_clean_R1000.txt,Heb,3815,485,2230
HEB_023_clean_R1000.txt,Heb,2459,359,1555
HEB_024_clean_R1000.txt,Heb,4368,559,2685
HEB_025_clean_R1000.txt,Heb,7617,1249,5169
HEB_026_clean_R1000.txt,Heb,551,100,392
HEB_027_clean_R1000.txt,Heb,3348,455,2016
HEB_028_clean_R1000.txt,Heb,3499,511,2187
HEB_029_clean_R1000.txt,Heb,2002,245,1126
HEB_030_clean_R1000.txt,Heb,5449,879,3668
HEB_031_clean_R1000.txt,Heb,5693,842,3709
HEB_032_clean_R1000.txt,Heb,9204,1513,6069
HEB_033_clean_R1000.txt,Heb,4031,673,2783
HEB_034_clean_R1000.txt,Heb,4866,720,3062
HEB_035_clean_R1000.txt,Heb,3646,516,2281
HEB_036_clean_R1000.txt,Heb,3034,452,1873
HEB_037_clean_R1000.txt,Heb,4500,869,3233
HEB_038_clean_R1000.txt,Heb,2361,371,1432
HEB_039_clean_R1000.txt,Heb,1015,183,675
HEB_040_clean_R1000.txt,Heb,5152,809,3311
HEB_041_clean_R1000.txt,Heb,2337,364,1446
IND_s1a-001_R1000.txt,IND,1685,186,891
IND_s1a-002_R1000.txt,IND,1825,250,862
IND_s1a-003_R1000.txt,IND,2287,320,1387
IND_s1a-004_R1000.txt,IND,2392,324,1306
IND_s1a-005_R1000.txt,IND,2156,297,1251
IND_s1a-006_R1000.txt,IND,2151,328,1220
IND_s1a-007_R1000.txt,IND,1748,161,944
IND_s1a-008_R1000.txt,IND,2321,314,1277
IND_s1a-009_R1000.txt,IND,2289,251,1209
IND_s1a-010_R1000.txt,IND,2096,321,1383
IND_s1a-011_R1000.txt,IND,2489,364,1573
IND_s1a-012_R1000.txt,IND,2470,369,1413
IND_s1a-013_R1000.txt,IND,2204,306,1284
IND_s1a-014_R1000.txt,IND,2258,268,1307
IND_s1a-015_R1000.txt,IND,1914,247,1053
IND_s1a-016_R1000.txt,IND,2130,287,1200
IND_s1a-017_R1000.txt,IND,2172,322,1271
IND_s1a-018_R1000.txt,IND,2126,308,1211
IND_s1a-019_R1000.txt,IND,2250,319,1225
IND_s1a-020_R1000.txt,IND,2077,304,1151
IND_s1a-021_R1000.txt,IND,2238,325,1226
IND_s1a-022_R1000.txt,IND,2165,296,1217
IND_s1a-023_R1000.txt,IND,2391,352,1423
IND_s1a-024_R1000.txt,IND,2159,332,1245
IND_s1a-025_R1000.txt,IND,2214,254,1154
IND_s1a-026_R1000.txt,IND,2223,338,1287
IND_s1a-027_R1000.txt,IND,2039,293,1115
IND_s1a-028_R1000.txt,IND,2411,322,1325
IND_s1a-029_R1000.txt,IND,2083,253,1172
IND_s1a-030_R1000.txt,IND,2193,266,1271
IND_s1a-031_R1000.txt,IND,2110,303,1324
IND_s1a-032_R1000.txt,IND,1980,251,1006
IND_s1a-033_R1000.txt,IND,2263,329,1334
IND_s1a-034_R1000.txt,IND,1514,198,842
IND_s1a-035_R1000.txt,IND,2232,333,1210
IND_s1a-036_R1000.txt,IND,1989,258,1058
IND_s1a-037_R1000.txt,IND,1986,280,1166
IND_s1a-038_R1000.txt,IND,2480,361,1507
IND_s1a-039_R1000.txt,IND,2241,318,1289
IND_s1a-040_R1000.txt,IND,2590,412,1573
IND_s1a-041_R1000.txt,IND,2164,303,1144
IND_s1a-042_R1000.txt,IND,2013,240,1101
IND_s1a-043_R1000.txt,IND,1829,232,986
IND_s1a-044_R1000.txt,IND,2124,267,1195
IND_s1a-045_R1000.txt,IND,2180,307,1299
IND_s1a-046_R1000.txt,IND,2168,293,1173
IND_s1a-047_R1000.txt,IND,2413,329,1383
IND_s1a-048_R1000.txt,IND,2138,336,1265
IND_s1a-049_R1000.txt,IND,2246,292,1331
IND_s1a-050_R1000.txt,IND,2018,294,1189
IND_s1a-051_R1000.txt,IND,2218,257,1144
IND_s1a-052_R1000.txt,IND,2255,330,1396
IND_s1a-053_R1000.txt,IND,2277,303,1252
IND_s1a-054_R1000.txt,IND,2344,337,1338
IND_s1a-055_R1000.txt,IND,2482,308,1417
IND_s1a-056_R1000.txt,IND,2184,312,1327
IND_s1a-057_R1000.txt,IND,2000,238,1133
IND_s1a-058_R1000.txt,IND,2031,280,1155
IND_s1a-059_R1000.txt,IND,1335,187,793
IND_s1a-060_R1000.txt,IND,2232,333,1244
IND_s1a-061_R1000.txt,IND,2198,289,1154
IND_s1a-062_R1000.txt,IND,2441,301,1410
IND_s1a-063_R1000.txt,IND,2170,337,1174
IND_s1a-064_R1000.txt,IND,2486,354,1481
IND_s1a-065_R1000.txt,IND,2411,284,1253
IND_s1a-066_R1000.txt,IND,2390,316,1416
IND_s1a-067_R1000.txt,IND,2222,249,1063
IND_s1a-068_R1000.txt,IND,2314,282,1309
IND_s1a-069_R1000.txt,IND,2499,370,1512
IND_s1a-070_R1000.txt,IND,2160,324,1275
IND_s1a-071_R1000.txt,IND,2267,284,1279
IND_s1a-072_R1000.txt,IND,2490,310,1393
IND_s1a-073_R1000.txt,IND,2155,235,1174
IND_s1a-074_R1000.txt,IND,2363,305,1344
IND_s1a-075_R1000.txt,IND,2183,290,1243
IND_s1a-076_R1000.txt,IND,2236,301,1165
IND_s1a-077_R1000.txt,IND,2359,327,1319
IND_s1a-078_R1000.txt,IND,2254,370,1410
IND_s1a-079_R1000.txt,IND,2252,317,1400
IND_s1a-080_R1000.txt,IND,2150,287,1274
IND_s1a-081_R1000.txt,IND,2311,305,1324
IND_s1a-082_R1000.txt,IND,2749,409,1605
IND_s1a-083_R1000.txt,IND,2323,334,1410
IND_s1a-084_R1000.txt,IND,2029,277,1139
IND_s1a-085_R1000.txt,IND,2297,317,1431
IND_s1a-086_R1000.txt,IND,2216,314,1154
IND_s1a-087_R1000.txt,IND,2349,312,1397
IND_s1a-088_R1000.txt,IND,2474,397,1500
IND_s1a-089_R1000.txt,IND,1867,244,1009
IND_s1a-090_R1000.txt,IND,2390,328,1422
IND_s1a-091_R1000.txt,IND,2360,315,1264
IND_s1a-092_R1000.txt,IND,2357,332,1269
IND_s1a-093_R1000.txt,IND,2098,297,1201
IND_s1a-094_R1000.txt,IND,2945,369,1523
IND_s1a-095_R1000.txt,IND,2203,247,1170
IND_s1a-096_R1000.txt,IND,2825,362,1519
IND_s1a-097_R1000.txt,IND,2486,336,1301
IND_s1a-098_R1000.txt,IND,2381,350,1423
IND_s1a-099_R1000.txt,IND,2404,329,1258
IND_s1a-100_R1000.txt,IND,1981,224,1007
IRE_s1a-001_R1000.txt,IRE,2128,321,1357
IRE_s1a-002_R1000.txt,IRE,2374,401,1467
IRE_s1a-003_R1000.txt,IRE,2400,394,1501
IRE_s1a-004_R1000.txt,IRE,2256,370,1423
IRE_s1a-005_R1000.txt,IRE,2097,345,1343
IRE_s1a-006_R1000.txt,IRE,2525,387,1552
IRE_s1a-007_R1000.txt,IRE,2355,392,1400
IRE_s1a-008_R1000.txt,IRE,1986,323,1176
IRE_s1a-009_R1000.txt,IRE,1661,291,1039
IRE_s1a-010_R1000.txt,IRE,1685,276,970
IRE_s1a-011_R1000.txt,IRE,2018,330,1230
IRE_s1a-012_R1000.txt,IRE,2116,316,1289
IRE_s1a-013_R1000.txt,IRE,1959,291,1186
IRE_s1a-014_R1000.txt,IRE,2288,326,1392
IRE_s1a-015_R1000.txt,IRE,2296,397,1470
IRE_s1a-016_R1000.txt,IRE,2131,375,1268
IRE_s1a-017_R1000.txt,IRE,1997,345,1275
IRE_s1a-018_R1000.txt,IRE,2394,352,1546
IRE_s1a-019_R1000.txt,IRE,2053,312,1215
IRE_s1a-020_R1000.txt,IRE,2255,369,1463
IRE_s1a-021_R1000.txt,IRE,1721,281,1074
IRE_s1a-022_R1000.txt,IRE,1977,340,1194
IRE_s1a-023_R1000.txt,IRE,1953,339,1160
IRE_s1a-024_R1000.txt,IRE,2021,340,1226
IRE_s1a-025_R1000.txt,IRE,1926,350,1187
IRE_s1a-026_R1000.txt,IRE,2047,299,1267
IRE_s1a-027_R1000.txt,IRE,1997,297,1211
IRE_s1a-028_R1000.txt,IRE,1959,309,1229
IRE_s1a-029_R1000.txt,IRE,2131,390,1389
IRE_s1a-030_R1000.txt,IRE,1911,307,1125
IRE_s1a-031_R1000.txt,IRE,2196,367,1393
IRE_s1a-032_R1000.txt,IRE,1965,291,1204
IRE_s1a-033_R1000.txt,IRE,2328,335,1327
IRE_s1a-034_R1000.txt,IRE,1936,310,1114
IRE_s1a-035_R1000.txt,IRE,2157,323,1379
IRE_s1a-036_R1000.txt,IRE,1950,298,1211
IRE_s1a-037_R1000.txt,IRE,2355,393,1502
IRE_s1a-038_R1000.txt,IRE,2002,257,1186
IRE_s1a-039_R1000.txt,IRE,2291,328,1437
IRE_s1a-040_R1000.txt,IRE,1117,224,720
IRE_s1a-041_R1000.txt,IRE,2208,343,1365
IRE_s1a-042_R1000.txt,IRE,1751,300,1053
IRE_s1a-043_R1000.txt,IRE,2065,360,1231
IRE_s1a-044_R1000.txt,IRE,1960,341,1249
IRE_s1a-045_R1000.txt,IRE,2090,323,1282
IRE_s1a-046_R1000.txt,IRE,1692,276,967
IRE_s1a-047_R1000.txt,IRE,1831,241,1031
IRE_s1a-048_R1000.txt,IRE,1861,284,1139
IRE_s1a-049_R1000.txt,IRE,2526,402,1561
IRE_s1a-050_R1000.txt,IRE,2172,332,1318
IRE_s1a-051_R1000.txt,IRE,2155,335,1259
IRE_s1a-052_R1000.txt,IRE,1929,299,1087
IRE_s1a-053_R1000.txt,IRE,2108,361,1334
IRE_s1a-054_R1000.txt,IRE,1962,352,1263
IRE_s1a-055_R1000.txt,IRE,2575,375,1571
IRE_s1a-056_R1000.txt,IRE,2015,320,1234
IRE_s1a-057_R1000.txt,IRE,1974,278,1238
IRE_s1a-058_R1000.txt,IRE,2073,346,1317
IRE_s1a-059_R1000.txt,IRE,2010,272,1202
IRE_s1a-060_R1000.txt,IRE,1674,260,1004
IRE_s1a-061_R1000.txt,IRE,2216,290,1310
IRE_s1a-062_R1000.txt,IRE,1944,334,1139
IRE_s1a-063_R1000.txt,IRE,2069,338,1337
IRE_s1a-064_R1000.txt,IRE,1426,251,942
IRE_s1a-065_R1000.txt,IRE,2335,350,1343
IRE_s1a-066_R1000.txt,IRE,2114,350,1318
IRE_s1a-067_R1000.txt,IRE,2117,361,1294
IRE_s1a-068_R1000.txt,IRE,2022,370,1272
IRE_s1a-069_R1000.txt,IRE,2117,348,1274
IRE_s1a-070_R1000.txt,IRE,2105,366,1352
IRE_s1a-071_R1000.txt,IRE,2129,321,1230
IRE_s1a-072_R1000.txt,IRE,2254,360,1362
IRE_s1a-073_R1000.txt,IRE,2529,376,1633
IRE_s1a-074_R1000.txt,IRE,2521,399,1604
IRE_s1a-075_R1000.txt,IRE,2496,407,1484
IRE_s1a-076_R1000.txt,IRE,2315,316,1393
IRE_s1a-077_R1000.txt,IRE,2278,386,1404
IRE_s1a-078_R1000.txt,IRE,2084,358,1249
IRE_s1a-079_R1000.txt,IRE,2412,399,1550
IRE_s1a-080_R1000.txt,IRE,1970,320,1158
IRE_s1a-081_R1000.txt,IRE,2080,325,1245
IRE_s1a-082_R1000.txt,IRE,2180,373,1328
IRE_s1a-083_R1000.txt,IRE,2136,358,1311
IRE_s1a-084_R1000.txt,IRE,2134,318,1288
IRE_s1a-085_R1000.txt,IRE,2184,286,1264
IRE_s1a-086_R1000.txt,IRE,2497,430,1560
IRE_s1a-087_R1000.txt,IRE,2076,336,1249
IRE_s1a-088_R1000.txt,IRE,2198,353,1347
IRE_s1a-089_R1000.txt,IRE,2190,367,1261
IRE_s1a-090_R1000.txt,IRE,2000,298,1155
IRE_s1a-091_R1000.txt,IRE,2222,298,1270
IRE_s1a-092_R1000.txt,IRE,1943,273,1091
IRE_s1a-093_R1000.txt,IRE,2090,299,1292
IRE_s1a-094_R1000.txt,IRE,1988,341,1150
IRE_s1a-095_R1000.txt,IRE,2040,337,1270
IRE_s1a-096_R1000.txt,IRE,1943,310,1215
IRE_s1a-097_R1000.txt,IRE,2180,290,1265
IRE_s1a-098_R1000.txt,IRE,2039,273,1189
IRE_s1a-099_R1000.txt,IRE,1990,282,1267
IRE_s1a-100_R1000.txt,IRE,2070,300,1231
JA_s1a-001_R1000.txt,JA,2109,270,1304
JA_s1a-002_R1000.txt,JA,2195,299,1316
JA_s1a-003_R1000.txt,JA,2331,381,1461
JA_s1a-004_R1000.txt,JA,2199,285,1242
JA_s1a-005_R1000.txt,JA,2157,276,1267
JA_s1a-006_R1000.txt,JA,2511,324,1410
JA_s1a-007_R1000.txt,JA,2589,336,1569
JA_s1a-008_R1000.txt,JA,2918,348,1652
JA_s1a-009_R1000.txt,JA,2252,382,1461
JA_s1a-010_R1000.txt,JA,2140,358,1326
JA_s1a-011_R1000.txt,JA,2207,326,1393
JA_s1a-012_R1000.txt,JA,2215,307,1381
JA_s1a-013_R1000.txt,JA,2161,293,1362
JA_s1a-014_R1000.txt,JA,2551,393,1532
JA_s1a-015_R1000.txt,JA,2176,243,1281
JA_s1a-016_R1000.txt,JA,2132,253,1320
JA_s1a-017_R1000.txt,JA,2232,271,1247
JA_s1a-018_R1000.txt,JA,2101,350,1297
JA_s1a-019_R1000.txt,JA,2135,345,1318
JA_s1a-020_R1000.txt,JA,2209,309,1334
JA_s1a-021_R1000.txt,JA,2234,271,1423
JA_s1a-022_R1000.txt,JA,2178,289,1400
JA_s1a-023_R1000.txt,JA,2107,319,1311
JA_s1a-024_R1000.txt,JA,2031,268,1220
JA_s1a-025_R1000.txt,JA,2408,301,1352
JA_s1a-026_R1000.txt,JA,2166,242,1190
JA_s1a-027_R1000.txt,JA,2171,282,1245
JA_s1a-028_R1000.txt,JA,2390,233,1328
JA_s1a-029_R1000.txt,JA,2259,282,1303
JA_s1a-030_R1000.txt,JA,2183,309,1257
JA_s1a-031_R1000.txt,JA,2151,326,1325
JA_s1a-032_R1000.txt,JA,2194,296,1385
JA_s1a-033_R1000.txt,JA,2298,258,1445
JA_s1a-034_R1000.txt,JA,2214,295,1310
JA_s1a-035_R1000.txt,JA,2133,286,1276
JA_s1a-036_R1000.txt,JA,2199,272,1273
JA_s1a-037_R1000.txt,JA,2183,241,1225
JA_s1a-038_R1000.txt,JA,2090,270,1401
JA_s1a-039_R1000.txt,JA,2225,300,1410
JA_s1a-040_R1000.txt,JA,2161,268,1391
JA_s1a-041_R1000.txt,JA,2189,305,1242
JA_s1a-042_R1000.txt,JA,2166,351,1327
JA_s1a-043_R1000.txt,JA,2159,272,1310
JA_s1a-044_R1000.txt,JA,2095,284,1234
JA_s1a-045_R1000.txt,JA,2238,248,1280
JA_s1a-046_R1000.txt,JA,2171,305,1278
JA_s1a-047_R1000.txt,JA,2188,280,1382
JA_s1a-048_R1000.txt,JA,2160,281,1417
JA_s1a-049_R1000.txt,JA,2148,270,1325
JA_s1a-050_R1000.txt,JA,2245,216,1177
JA_s1a-051_R1000.txt,JA,2277,287,1283
JA_s1a-052_R1000.txt,JA,2458,346,1443
JA_s1a-053_R1000.txt,JA,2260,324,1357
JA_s1a-054_R1000.txt,JA,2269,272,1349
JA_s1a-055_R1000.txt,JA,2171,259,1237
JA_s1a-056_R1000.txt,JA,2179,274,1196
JA_s1a-057_R1000.txt,JA,2291,340,1457
JA_s1a-058_R1000.txt,JA,2115,297,1368
JA_s1a-059_R1000.txt,JA,2243,322,1479
JA_s1a-060_R1000.txt,JA,2181,337,1458
JA_s1a-061_R1000.txt,JA,2290,227,1248
JA_s1a-062_R1000.txt,JA,2344,374,1422
JA_s1a-063_R1000.txt,JA,2185,245,1256
JA_s1a-064_R1000.txt,JA,2138,339,1312
JA_s1a-065_R1000.txt,JA,2099,321,1334
JA_s1a-066_R1000.txt,JA,2202,238,1357
JA_s1a-067_R1000.txt,JA,2239,300,1265
JA_s1a-068_R1000.txt,JA,2083,297,1285
JA_s1a-069_R1000.txt,JA,2153,291,1225
JA_s1a-070_R1000.txt,JA,2223,294,1429
JA_s1a-071_R1000.txt,JA,2183,327,1362
JA_s1a-072_R1000.txt,JA,2160,284,1210
JA_s1a-073_R1000.txt,JA,2181,255,1171
JA_s1a-074_R1000.txt,JA,2233,263,1231
JA_s1a-075_R1000.txt,JA,2419,279,1349
JA_s1a-076_R1000.txt,JA,2148,271,1213
JA_s1a-077_R1000.txt,JA,2113,248,1207
JA_s1a-078_R1000.txt,JA,2269,294,1325
JA_s1a-079_R1000.txt,JA,2588,331,1585
JA_s1a-080_R1000.txt,JA,2162,278,1241
JA_s1a-081_R1000.txt,JA,2136,278,1338
JA_s1a-082_R1000.txt,JA,2168,325,1491
JA_s1a-083_R1000.txt,JA,2326,293,1398
JA_s1a-084_R1000.txt,JA,2135,265,1280
JA_s1a-085_R1000.txt,JA,2149,299,1346
JA_s1a-086_R1000.txt,JA,2117,266,1342
JA_s1a-087_R1000.txt,JA,2138,350,1369
JA_s1a-088_R1000.txt,JA,2183,294,1357
JA_s1a-089_R1000.txt,JA,2185,240,1293
JA_s1a-090_R1000.txt,JA,2348,235,1397
JA_s1a-091_R1000.txt,JA,2105,303,1376
JA_s1a-092_R1000.txt,JA,2159,251,1315
JA_s1a-093_R1000.txt,JA,2212,312,1368
JA_s1a-094_R1000.txt,JA,2199,267,1347
JA_s1a-095_R1000.txt,JA,2116,260,1320
JA_s1a-096_R1000.txt,JA,2111,266,1342
JA_s1a-097_R1000.txt,JA,2228,323,1429
JA_s1a-098_R1000.txt,JA,2109,325,1369
JA_s1a-099_R1000.txt,JA,2127,245,1345
JA_s1a-100_R1000.txt,JA,2163,293,1255
EA_s1a-001_R1000.txt,KE,2210,395,1433
EA_s1a-002_R1000.txt,KE,2125,376,1431
EA_s1a-003_R1000.txt,KE,2128,339,1409
EA_s1a-004_R1000.txt,KE,2172,396,1450
EA_s1a-005_R1000.txt,KE,2150,395,1407
EA_s1a-006_R1000.txt,KE,2160,358,1384
EA_s1a-007_R1000.txt,KE,2237,338,1486
EA_s1a-008_R1000.txt,KE,2191,354,1431
EA_s1a-009_R1000.txt,KE,2213,307,1436
EA_s1a-010_R1000.txt,KE,1820,307,1120
EA_s1a-011_R1000.txt,KE,1658,306,1035
EA_s1a-012_R1000.txt,KE,1808,354,1188
EA_s1a-013_R1000.txt,KE,2241,317,1367
EA_s1a-014_R1000.txt,KE,2264,339,1515
EA_s1a-015_R1000.txt,KE,2136,293,1297
EA_s1a-016_R1000.txt,KE,2092,286,1308
EA_s1a-017_R1000.txt,KE,2215,330,1414
EA_s1a-021_R1000.txt,KE,2126,335,1415
EA_s1a-022_R1000.txt,KE,2074,344,1438
EA_s1a-023_R1000.txt,KE,2165,378,1463
EA_s1a-024_R1000.txt,KE,2053,390,1422
EA_s1a-025_R1000.txt,KE,2106,381,1426
EA_s1a-026_R1000.txt,KE,2126,406,1557
EA_s1a-027_R1000.txt,KE,2085,341,1284
EA_s1a-028_R1000.txt,KE,2168,397,1441
EA_s1a-029_R1000.txt,KE,2124,339,1447
EA_s1a-030_R1000.txt,KE,2159,337,1475
IOM_001_clean_R1000.txt,Man,7548,1143,4837
IOM_002_clean_R1000.txt,Man,5830,900,3620
LEI_001_clean_R1000.txt,Mid,2551,365,1546
LEI_002_R1000.txt,Mid,6123,910,3485
NTT_001_clean_R1000.txt,Mid,6775,1093,4327
NTT_002_clean_R1000.txt,Mid,12177,2037,7792
NTT_003_clean_R1000.txt,Mid,10695,1727,7085
NTT_004_clean_R1000.txt,Mid,6031,998,3987
NTT_005_clean_R1000.txt,Mid,14238,2219,9233
NTT_006_clean_R1000.txt,Mid,15308,1788,9653
NTT_007_clean_R1000.txt,Mid,9086,1428,5943
NTT_008_clean_R1000.txt,Mid,7747,1226,5107
NTT_009_clean_R1000.txt,Mid,13277,2034,8610
NTT_010_R1000.txt,Mid,11917,1661,7447
NTT_011_clean_R1000.txt,Mid,11638,1740,7045
NTT_012_clean_R1000.txt,Mid,11498,1875,7503
NTT_013_clean_R1000.txt,Mid,14465,2559,9261
NTT_014_clean_R1000.txt,Mid,16713,3127,11514
NTT_015_clean_R1000.txt,Mid,16261,2149,9542
NTT_016_clean_R1000.txt,Mid,15750,2141,10385
SAL_001_R1000.txt,Mid,983,138,571
SAL_002_R1000.txt,Mid,6880,1331,4716
SAL_003_R1000.txt,Mid,1813,288,1152
SAL_004_R1000.txt,Mid,5969,852,3730
SAL_005_R1000.txt,Mid,3021,464,1891
SAL_006_R1000.txt,Mid,6513,1140,4180
SAL_007_R1000.txt,Mid,3679,608,2339
SAL_008_R1000.txt,Mid,5923,975,3744
SAL_009_R1000.txt,Mid,4256,585,2629
SAL_010_R1000.txt,Mid,1983,328,1223
SAL_011_R1000.txt,Mid,8811,1205,5440
SAL_012_R1000.txt,Mid,2121,336,1273
SAL_013_R1000.txt,Mid,6327,1162,4250
SAL_014_R1000.txt,Mid,7975,1240,5040
SAL_015_R1000.txt,Mid,3034,389,1793
SAL_016_R1000.txt,Mid,3507,574,2306
SAL_017_R1000.txt,Mid,5971,828,3866
SAL_018_R1000.txt,Mid,5944,847,3849
SAL_019_R1000.txt,Mid,6085,867,3929
SAL_020_R1000.txt,Mid,8854,1443,5534
SAL_021_R1000.txt,Mid,5005,843,3284
SAL_022_R1000.txt,Mid,1477,195,912
SAL_023_R1000.txt,Mid,16403,2885,10679
SAL_024_R1000.txt,Mid,7708,1237,4801
SAL_025_R1000.txt,Mid,5647,932,3774
SAL_026_R1000.txt,Mid,7388,1161,4692
SAL_027_R1000.txt,Mid,4885,767,3082
SAL_028_R1000.txt,Mid,2097,309,1310
SAL_029_R1000.txt,Mid,6395,1107,4209
SAL_030_R1000.txt,Mid,4447,709,2745
SAL_031_R1000.txt,Mid,6750,1212,4343
SAL_032_R1000.txt,Mid,5524,912,3534
SAL_033_R1000.txt,Mid,5823,1049,3732
SAL_034_R1000.txt,Mid,4079,744,2639
SAL_035_R1000.txt,Mid,2180,335,1373
SAL_036_R1000.txt,Mid,7587,1330,4874
SAL_037_R1000.txt,Mid,4112,579,2554
SAL_038_R1000.txt,Mid,6869,904,3999
SAL_039_R1000.txt,Mid,7168,1193,4617
WAR_001_R1000.txt,Mid,8638,1309,5533
DUR_001_clean_R1000.txt,N,10272,1489,6569
DUR_002_clean_R1000.txt,N,11369,1679,6849
DUR_003_clean_R1000.txt,N,12806,2212,8364
LAN_001_clean_R1000.txt,N,12591,1932,7801
LAN_002_clean_R1000.txt,N,11420,1533,7104
LAN_003_clean_R1000.txt,N,10556,1675,6628
LAN_004_clean_R1000.txt,N,12843,1858,7837
LAN_005_clean_R1000.txt,N,12662,1709,7742
LAN_006_clean_R1000.txt,N,11995,1624,7347
LAN_007_clean_R1000.txt,N,10261,1545,6426
LAN_008_clean_R1000.txt,N,11958,1689,7469
LAN_009_clean_R1000.txt,N,12266,2184,8185
LAN_010_clean_R1000.txt,N,10885,1682,6650
LAN_011_clean_R1000.txt,N,18054,3031,11636
LAN_012_clean_R1000.txt,N,31065,4717,19487
LAN_013_R1000.txt,N,1070,160,623
LAN_014_R1000.txt,N,291,32,143
LAN_015_R1000.txt,N,7856,1409,4996
LAN_016_R1000.txt,N,4946,775,3118
LAN_017_R1000.txt,N,3509,596,2143
LAN_018_R1000.txt,N,1194,181,721
LAN_019_R1000.txt,N,6812,1115,4336
LAN_020_R1000.txt,N,16447,2645,10703
LAN_021_R1000.txt,N,659,79,377
LAN_022_R1000.txt,N,5563,861,3390
LAN_023_R1000.txt,N,6701,1128,4098
NBL_001_R1000.txt,N,823,81,449
NBL_003_clean_R1000.txt,N,12091,2013,7686
NBL_006_clean_R1000.txt,N,10253,1606,6451
NBL_007_clean_R1000.txt,N,11793,1904,7105
NBL_008_clean_R1000.txt,N,5528,920,3467
WES_001_R1000.txt,N,12858,2297,8489
WES_002_R1000.txt,N,7176,1167,4582
WES_003_clean_R1000.txt,N,5522,872,3481
WES_004_R1000.txt,N,9368,1402,5784
WES_005_R1000.txt,N,13663,2233,9001
WES_006_clean_R1000.txt,N,4116,765,2667
WES_007_R1000.txt,N,6312,1065,4082
WES_008_clean_R1000.txt,N,12629,1964,7957
WES_009_R1000.txt,N,6438,1093,4119
WES_010_R1000.txt,N,8886,1550,5844
WES_011_clean_R1000.txt,N,5367,886,3236
WES_012_R1000.txt,N,7531,1273,4791
WES_013_R1000.txt,N,4667,796,2925
WES_014_R1000.txt,N,6460,1055,4012
WES_015_R1000.txt,N,7128,1202,4588
WES_016_R1000.txt,N,18208,3109,11218
WES_017_R1000.txt,N,25881,4259,16917
WES_018_R1000.txt,N,6906,1212,4455
WES_019_R1000.txt,N,18200,2911,11580
YKS_001_clean_R1000.txt,N,10997,1858,7167
YKS_002_R1000.txt,N,12008,1934,7627
YKS_003_R1000.txt,N,13050,2248,8065
YKS_004_clean_R1000.txt,N,2664,414,1670
YKS_005_R1000.txt,N,4817,811,3029
YKS_006_clean_R1000.txt,N,9280,1386,6035
YKS_007_R1000.txt,N,12091,1899,8022
YKS_008_clean_R1000.txt,N,10693,2001,7268
YKS_009_clean_R1000.txt,N,5727,978,3788
YKS_010_clean_R1000.txt,N,10399,1806,6881
YKS_011_clean_R1000.txt,N,9682,1682,6328
NG_s1a-001_R1000.txt,NG,4296,600,2699
NG_s1a-002_R1000.txt,NG,4693,664,2770
NG_s1a-003_R1000.txt,NG,2162,272,1272
NG_s1a-004_R1000.txt,NG,4957,158,1797
NG_s1a-005_R1000.txt,NG,4241,502,2701
NG_s1a-006_R1000.txt,NG,6764,1012,4202
NG_s1a-007_R1000.txt,NG,2258,316,1444
NG_s1a-008_R1000.txt,NG,1218,180,721
NG_s1a-009_R1000.txt,NG,6153,942,3834
NG_s1a-010_R1000.txt,NG,2850,385,1818
NG_s1a-011_R1000.txt,NG,5873,846,3451
NG_s1a-012_R1000.txt,NG,2690,254,1423
NG_s1a-013_R1000.txt,NG,2285,355,1455
NG_s1a-014_R1000.txt,NG,4078,410,2348
NG_s1a-015_R1000.txt,NG,9308,1423,5821
NG_s1a-016_R1000.txt,NG,2780,433,1804
NG_s1a-017_R1000.txt,NG,2859,416,1722
NG_s1a-018_R1000.txt,NG,291,41,176
NG_s1a-019_R1000.txt,NG,3321,343,1788
NG_s1a-020_R1000.txt,NG,281,28,161
NG_s1a-021_R1000.txt,NG,390,47,224
NG_s1a-022_R1000.txt,NG,439,64,261
NG_s1a-023_R1000.txt,NG,638,62,350
NG_s1a-024_R1000.txt,NG,295,47,182
NG_s1a-025_R1000.txt,NG,281,43,188
NG_s1a-026_R1000.txt,NG,304,47,171
NG_s1a-027_R1000.txt,NG,374,48,228
NG_s1a-028_R1000.txt,NG,4374,680,2839
NG_s1a-029_R1000.txt,NG,2309,336,1339
NG_s1a-030_R1000.txt,NG,3007,351,1794
NG_s1a-031_R1000.txt,NG,2527,283,1436
NG_s1a-032_R1000.txt,NG,2895,387,1703
NG_s1a-033_R1000.txt,NG,1286,165,699
NG_s1a-034_R1000.txt,NG,4916,589,2833
NG_s1a-035_R1000.txt,NG,1945,266,1138
NG_s1a-036_R1000.txt,NG,2122,306,1312
NG_s1a-037_R1000.txt,NG,2784,427,1713
NG_s1a-038_R1000.txt,NG,5576,707,3292
NG_s1a-039_R1000.txt,NG,240,32,134
NG_s1a-040_R1000.txt,NG,2963,305,1660
NG_s1a-041_R1000.txt,NG,164,15,93
NG_s1a-042_R1000.txt,NG,353,50,224
NG_s1a-043_R1000.txt,NG,1527,181,909
NG_s1a-044_R1000.txt,NG,2115,335,1279
NG_s1a-045_R1000.txt,NG,6682,722,3717
NG_s1a-046_R1000.txt,NG,4964,712,2822
NG_s1a-047_R1000.txt,NG,1783,234,1112
NG_s1a-048_R1000.txt,NG,3266,536,1933
NG_s1a-049_R1000.txt,NG,2607,392,1520
NG_s1a-050_R1000.txt,NG,5234,525,3087
NG_s1a-051_R1000.txt,NG,3735,448,2229
NG_s1a-052_R1000.txt,NG,4434,595,2585
NG_s1a-053_R1000.txt,NG,4337,651,2653
NG_s1a-054_R1000.txt,NG,2738,317,1465
NG_s1a-055_R1000.txt,NG,1390,168,876
NG_s1a-056_R1000.txt,NG,2761,309,1578
NG_s1a-057_R1000.txt,NG,2198,251,1123
NG_s1a-058_R1000.txt,NG,3381,368,1864
NG_s1a-059_R1000.txt,NG,2093,204,1195
NG_s1a-060_R1000.txt,NG,2951,381,1617
NG_s1a-061_R1000.txt,NG,3356,356,1715
NG_s1a-062_R1000.txt,NG,1399,160,837
NG_s1a-063_R1000.txt,NG,537,71,276
NG_s1a-064_R1000.txt,NG,2086,334,1225
NG_s1a-065_R1000.txt,NG,875,106,427
NG_s1a-066_R1000.txt,NG,4195,561,2530
NG_s1a-067_R1000.txt,NG,1524,156,876
NZ_s1a-001_R1000.txt,NZ,2220,369,1228
NZ_s1a-002_R1000.txt,NZ,2138,329,1224
NZ_s1a-003_R1000.txt,NZ,2411,406,1338
NZ_s1a-004_R1000.txt,NZ,2120,390,1324
NZ_s1a-005_R1000.txt,NZ,2342,374,1275
NZ_s1a-006_R1000.txt,NZ,2250,385,1355
NZ_s1a-007_R1000.txt,NZ,2233,383,1393
NZ_s1a-008_R1000.txt,NZ,2267,395,1332
NZ_s1a-009_R1000.txt,NZ,2362,380,1331
NZ_s1a-010_R1000.txt,NZ,2257,379,1259
NZ_s1a-011_R1000.txt,NZ,2231,346,1261
NZ_s1a-012_R1000.txt,NZ,2341,378,1343
NZ_s1a-013_R1000.txt,NZ,2562,409,1375
NZ_s1a-014_R1000.txt,NZ,2513,433,1514
NZ_s1a-015_R1000.txt,NZ,2281,317,1320
NZ_s1a-016_R1000.txt,NZ,2241,375,1305
NZ_s1a-017_R1000.txt,NZ,2870,418,1489
NZ_s1a-018_R1000.txt,NZ,2060,332,1120
NZ_s1a-019_R1000.txt,NZ,2197,321,1279
NZ_s1a-020_R1000.txt,NZ,2294,399,1402
NZ_s1a-021_R1000.txt,NZ,2276,349,1375
NZ_s1a-022_R1000.txt,NZ,2189,315,1160
NZ_s1a-023_R1000.txt,NZ,2395,386,1384
NZ_s1a-024_R1000.txt,NZ,2211,283,1199
NZ_s1a-025_R1000.txt,NZ,2261,401,1408
NZ_s1a-026_R1000.txt,NZ,3160,547,1845
NZ_s1a-027_R1000.txt,NZ,2586,396,1429
NZ_s1a-028_R1000.txt,NZ,2489,431,1403
NZ_s1a-029_R1000.txt,NZ,2213,347,1206
NZ_s1a-030_R1000.txt,NZ,2299,383,1463
NZ_s1a-031_R1000.txt,NZ,2560,341,1396
NZ_s1a-032_R1000.txt,NZ,2214,336,1257
NZ_s1a-033_R1000.txt,NZ,2652,426,1525
NZ_s1a-034_R1000.txt,NZ,2316,381,1268
NZ_s1a-035_R1000.txt,NZ,2395,352,1308
NZ_s1a-036_R1000.txt,NZ,3218,571,1947
NZ_s1a-037_R1000.txt,NZ,2124,408,1170
NZ_s1a-038_R1000.txt,NZ,3363,572,1843
NZ_s1a-039_R1000.txt,NZ,2146,365,1256
NZ_s1a-040_R1000.txt,NZ,2123,321,1195
NZ_s1a-041_R1000.txt,NZ,2198,349,1248
NZ_s1a-042_R1000.txt,NZ,2184,325,1243
NZ_s1a-043_R1000.txt,NZ,2210,334,1235
NZ_s1a-044_R1000.txt,NZ,2282,352,1260
NZ_s1a-045_R1000.txt,NZ,2134,346,1218
NZ_s1a-046_R1000.txt,NZ,3751,561,2128
NZ_s1a-047_R1000.txt,NZ,2405,405,1338
NZ_s1a-048_R1000.txt,NZ,2473,412,1399
NZ_s1a-049_R1000.txt,NZ,2536,347,1436
NZ_s1a-050_R1000.txt,NZ,2166,327,1259
NZ_s1a-051_R1000.txt,NZ,2225,362,1193
NZ_s1a-052_R1000.txt,NZ,2397,326,1299
NZ_s1a-053_R1000.txt,NZ,2452,426,1348
NZ_s1a-054_R1000.txt,NZ,2141,378,1220
NZ_s1a-055_R1000.txt,NZ,2106,285,1154
NZ_s1a-056_R1000.txt,NZ,2150,319,1170
NZ_s1a-057_R1000.txt,NZ,2205,435,1324
NZ_s1a-058_R1000.txt,NZ,2089,307,1088
NZ_s1a-059_R1000.txt,NZ,2225,344,1264
NZ_s1a-060_R1000.txt,NZ,2262,365,1189
NZ_s1a-061_R1000.txt,NZ,2224,352,1272
NZ_s1a-062_R1000.txt,NZ,2793,430,1585
NZ_s1a-063_R1000.txt,NZ,2249,341,1173
NZ_s1a-064_R1000.txt,NZ,2196,290,1141
NZ_s1a-065_R1000.txt,NZ,2070,308,1200
NZ_s1a-066_R1000.txt,NZ,2227,281,1205
NZ_s1a-067_R1000.txt,NZ,2325,373,1247
NZ_s1a-068_R1000.txt,NZ,2348,320,1320
NZ_s1a-069_R1000.txt,NZ,2555,410,1449
NZ_s1a-070_R1000.txt,NZ,2219,351,1253
NZ_s1a-071_R1000.txt,NZ,2829,450,1559
NZ_s1a-072_R1000.txt,NZ,2414,447,1358
NZ_s1a-073_R1000.txt,NZ,2293,395,1221
NZ_s1a-074_R1000.txt,NZ,2206,380,1281
NZ_s1a-075_R1000.txt,NZ,2826,452,1633
NZ_s1a-076_R1000.txt,NZ,2422,364,1244
NZ_s1a-077_R1000.txt,NZ,2136,258,1115
NZ_s1a-078_R1000.txt,NZ,2303,377,1288
NZ_s1a-079_R1000.txt,NZ,2337,416,1284
NZ_s1a-080_R1000.txt,NZ,3684,519,1918
NZ_s1a-081_R1000.txt,NZ,2268,373,1319
NZ_s1a-082_R1000.txt,NZ,2259,351,1263
NZ_s1a-083_R1000.txt,NZ,3538,592,2184
NZ_s1a-084_R1000.txt,NZ,3620,505,1996
NZ_s1a-085_R1000.txt,NZ,2202,302,1213
NZ_s1a-086_R1000.txt,NZ,3784,612,2343
NZ_s1a-087_R1000.txt,NZ,3091,495,1650
NZ_s1a-088_R1000.txt,NZ,2938,510,1674
NZ_s1a-089_R1000.txt,NZ,2721,499,1507
NZ_s1a-090_R1000.txt,NZ,3077,568,1798
NZ_s1a-091_R1000.txt,NZ,2129,299,1191
NZ_s1a-092_R1000.txt,NZ,2126,363,1146
NZ_s1a-093_R1000.txt,NZ,2124,345,1156
NZ_s1a-094_R1000.txt,NZ,2110,318,1137
NZ_s1a-095_R1000.txt,NZ,2341,333,1242
NZ_s1a-096_R1000.txt,NZ,2547,406,1458
NZ_s1a-097_R1000.txt,NZ,2414,320,1213
NZ_s1a-098_R1000.txt,NZ,2397,395,1366
NZ_s1a-099_R1000.txt,NZ,2400,328,1288
NZ_s1a-100_R1000.txt,NZ,2704,423,1540
PHI_s1a-001_R1000.txt,PHI,2419,365,1384
PHI_s1a-002_R1000.txt,PHI,2240,358,1263
PHI_s1a-003_R1000.txt,PHI,1938,284,1107
PHI_s1a-004_R1000.txt,PHI,3188,489,1798
PHI_s1a-005_R1000.txt,PHI,2089,291,1317
PHI_s1a-006_R1000.txt,PHI,3194,439,2040
PHI_s1a-007_R1000.txt,PHI,2178,404,1482
PHI_s1a-008_R1000.txt,PHI,2162,258,1247
PHI_s1a-009_R1000.txt,PHI,2236,288,1393
PHI_s1a-010_R1000.txt,PHI,2713,430,1781
PHI_s1a-011_R1000.txt,PHI,2174,307,1324
PHI_s1a-012_R1000.txt,PHI,2308,330,1431
PHI_s1a-013_R1000.txt,PHI,2248,317,1279
PHI_s1a-014_R1000.txt,PHI,2552,366,1439
PHI_s1a-015_R1000.txt,PHI,2226,410,1401
PHI_s1a-016_R1000.txt,PHI,2179,334,1300
PHI_s1a-017_R1000.txt,PHI,2305,372,1435
PHI_s1a-018_R1000.txt,PHI,2322,303,1422
PHI_s1a-019_R1000.txt,PHI,2125,351,1413
PHI_s1a-020_R1000.txt,PHI,2203,346,1356
PHI_s1a-021_R1000.txt,PHI,2106,277,1354
PHI_s1a-022_R1000.txt,PHI,2185,301,1374
PHI_s1a-023_R1000.txt,PHI,2311,341,1394
PHI_s1a-024_R1000.txt,PHI,2116,272,1310
PHI_s1a-025_R1000.txt,PHI,2423,361,1490
PHI_s1a-026_R1000.txt,PHI,2196,304,1329
PHI_s1a-027_R1000.txt,PHI,2236,243,1355
PHI_s1a-028_R1000.txt,PHI,2266,267,1191
PHI_s1a-029_R1000.txt,PHI,2182,278,1213
PHI_s1a-030_R1000.txt,PHI,2246,273,1212
PHI_s1a-031_R1000.txt,PHI,2210,316,1390
PHI_s1a-032_R1000.txt,PHI,2306,286,1302
PHI_s1a-033_R1000.txt,PHI,2237,346,1259
PHI_s1a-034_R1000.txt,PHI,2197,307,1226
PHI_s1a-035_R1000.txt,PHI,2119,272,1276
PHI_s1a-036_R1000.txt,PHI,2949,471,1734
PHI_s1a-037_R1000.txt,PHI,2216,310,1335
PHI_s1a-038_R1000.txt,PHI,2237,290,1305
PHI_s1a-039_R1000.txt,PHI,2256,259,1208
PHI_s1a-040_R1000.txt,PHI,2254,262,1335
PHI_s1a-041_R1000.txt,PHI,2247,346,1378
PHI_s1a-042_R1000.txt,PHI,2373,323,1337
PHI_s1a-043_R1000.txt,PHI,2187,247,1345
PHI_s1a-044_R1000.txt,PHI,2225,324,1300
PHI_s1a-045_R1000.txt,PHI,2172,296,1228
PHI_s1a-046_R1000.txt,PHI,2127,305,1229
PHI_s1a-047_R1000.txt,PHI,2253,343,1315
PHI_s1a-048_R1000.txt,PHI,1631,217,836
PHI_s1a-049_R1000.txt,PHI,2189,324,1281
PHI_s1a-050_R1000.txt,PHI,2189,312,1279
PHI_s1a-051_R1000.txt,PHI,1964,276,1165
PHI_s1a-052_R1000.txt,PHI,2039,264,1118
PHI_s1a-053_R1000.txt,PHI,2260,275,1260
PHI_s1a-054_R1000.txt,PHI,2133,319,1314
PHI_s1a-055_R1000.txt,PHI,1561,274,987
PHI_s1a-056_R1000.txt,PHI,2049,310,1178
PHI_s1a-057_R1000.txt,PHI,2164,312,1392
PHI_s1a-058_R1000.txt,PHI,2208,315,1385
PHI_s1a-059_R1000.txt,PHI,2231,282,1167
PHI_s1a-060_R1000.txt,PHI,2363,325,1492
PHI_s1a-061_R1000.txt,PHI,2167,338,1300
PHI_s1a-062_R1000.txt,PHI,2159,299,1329
PHI_s1a-063_R1000.txt,PHI,2153,273,1400
PHI_s1a-064_R1000.txt,PHI,2195,423,1389
PHI_s1a-065_R1000.txt,PHI,2172,242,1175
PHI_s1a-066_R1000.txt,PHI,2137,271,1271
PHI_s1a-067_R1000.txt,PHI,2121,352,1226
PHI_s1a-068_R1000.txt,PHI,2273,347,1424
PHI_s1a-069_R1000.txt,PHI,2242,261,1210
PHI_s1a-070_R1000.txt,PHI,2220,323,1255
PHI_s1a-071_R1000.txt,PHI,2235,337,1372
PHI_s1a-072_R1000.txt,PHI,2320,299,1240
PHI_s1a-073_R1000.txt,PHI,2194,306,1281
PHI_s1a-074_R1000.txt,PHI,2191,315,1169
PHI_s1a-075_R1000.txt,PHI,2440,261,1506
PHI_s1a-076_R1000.txt,PHI,2229,301,1369
PHI_s1a-077_R1000.txt,PHI,2224,278,1305
PHI_s1a-078_R1000.txt,PHI,2204,311,1283
PHI_s1a-079_R1000.txt,PHI,2168,345,1308
PHI_s1a-080_R1000.txt,PHI,2069,367,1289
PHI_s1a-081_R1000.txt,PHI,1883,243,1123
PHI_s1a-082_R1000.txt,PHI,2254,317,1396
PHI_s1a-083_R1000.txt,PHI,2312,338,1402
PHI_s1a-084_R1000.txt,PHI,2316,259,1258
PHI_s1a-085_R1000.txt,PHI,2370,389,1621
PHI_s1a-086_R1000.txt,PHI,2401,303,1364
PHI_s1a-087_R1000.txt,PHI,2469,363,1534
PHI_s1a-088_R1000.txt,PHI,2472,381,1403
PHI_s1a-089_R1000.txt,PHI,2183,273,1377
PHI_s1a-090_R1000.txt,PHI,2190,362,1316
PHI_s1a-091_R1000.txt,PHI,2196,277,1199
PHI_s1a-092_R1000.txt,PHI,2580,406,1599
PHI_s1a-093_R1000.txt,PHI,2526,369,1464
PHI_s1a-094_R1000.txt,PHI,2444,347,1226
PHI_s1a-095_R1000.txt,PHI,2496,409,1365
PHI_s1a-096_R1000.txt,PHI,2407,289,1337
PHI_s1a-097_R1000.txt,PHI,2623,362,1538
PHI_s1a-098_R1000.txt,PHI,2557,396,1435
PHI_s1a-099_R1000.txt,PHI,2241,265,1257
PHI_s1a-100_R1000.txt,PHI,2325,300,1296
SBC_001_R1000.txt,SBC,4528,636,2818
SBC_002_R1000.txt,SBC,2917,509,1841
SBC_003_R1000.txt,SBC,2935,392,1699
SBC_004_R1000.txt,SBC,2365,326,1446
SBC_005_R1000.txt,SBC,2174,355,1444
SBC_006_R1000.txt,SBC,4171,786,2682
SBC_007_R1000.txt,SBC,2732,430,1730
SBC_008_R1000.txt,SBC,3092,417,1908
SBC_009_R1000.txt,SBC,1987,212,1104
SBC_010_R1000.txt,SBC,2250,331,1477
SBC_011_R1000.txt,SBC,2145,309,1344
SBC_012_R1000.txt,SBC,3701,538,2215
SBC_013_R1000.txt,SBC,1955,320,1204
SBC_014_R1000.txt,SBC,4217,601,2604
SBC_015_R1000.txt,SBC,3182,442,1980
SBC_016_R1000.txt,SBC,1909,239,1100
SBC_017_R1000.txt,SBC,2944,433,1883
SBC_018_R1000.txt,SBC,1245,164,760
SBC_019_R1000.txt,SBC,1873,246,1104
SBC_020_R1000.txt,SBC,3554,502,2262
SBC_021_R1000.txt,SBC,3467,573,2275
SBC_022_R1000.txt,SBC,2011,256,1176
SBC_023_R1000.txt,SBC,1820,282,1162
SBC_024_R1000.txt,SBC,1871,289,1113
SBC_025_R1000.txt,SBC,3018,434,1953
SBC_026_R1000.txt,SBC,3584,596,2331
SBC_027_R1000.txt,SBC,2662,403,1629
SBC_028_R1000.txt,SBC,3246,478,1963
SBC_029_R1000.txt,SBC,3469,384,2043
SBC_030_R1000.txt,SBC,3525,667,2460
SBC_031_R1000.txt,SBC,2324,390,1441
SBC_032_R1000.txt,SBC,2924,455,1723
SBC_033_R1000.txt,SBC,716,123,446
SBC_034_R1000.txt,SBC,2204,339,1344
SBC_035_R1000.txt,SBC,1892,309,1223
SBC_036_R1000.txt,SBC,3380,500,2138
SBC_037_R1000.txt,SBC,2126,272,1274
SBC_038_R1000.txt,SBC,3403,557,1978
SBC_039_R1000.txt,SBC,3234,522,1967
SBC_040_R1000.txt,SBC,3877,686,2234
SBC_041_R1000.txt,SBC,2274,256,1290
SBC_042_R1000.txt,SBC,1793,275,1155
SBC_043_R1000.txt,SBC,4717,755,2963
SBC_044_R1000.txt,SBC,5751,977,3907
SBC_045_R1000.txt,SBC,3886,636,2421
SBC_046_R1000.txt,SBC,2564,349,1568
SBC_047_R1000.txt,SBC,3321,490,2086
SBC_048_R1000.txt,SBC,1399,174,783
SBC_049_R1000.txt,SBC,2134,319,1292
SBC_050_R1000.txt,SBC,1777,272,1067
SBC_051_R1000.txt,SBC,2790,427,1695
SBC_052_R1000.txt,SBC,4039,619,2477
SBC_053_R1000.txt,SBC,3004,453,1867
SBC_054_R1000.txt,SBC,2140,355,1392
SBC_055_R1000.txt,SBC,2717,462,1739
SBC_056_R1000.txt,SBC,4615,784,2922
SBC_057_R1000.txt,SBC,3326,409,1911
SBC_058_R1000.txt,SBC,2765,344,1587
SBC_059_R1000.txt,SBC,2921,416,1733
SBC_060_R1000.txt,SBC,3481,539,2064
KEN_001_clean_R1000.txt,SE,11705,1746,7414
KEN_002_clean_R1000.txt,SE,15150,2312,9678
KEN_003_clean_R1000.txt,SE,44004,5676,27734
KEN_004_clean_R1000.txt,SE,14526,2119,9419
KEN_005_clean_R1000.txt,SE,12238,1595,7519
KEN_006_clean_R1000.txt,SE,13025,1508,7752
KEN_007_clean_R1000.txt,SE,16195,2168,10119
KEN_008_R1000.txt,SE,19089,2672,11627
KEN_009_clean_R1000.txt,SE,13332,1820,8449
KEN_010_clean_R1000.txt,SE,14575,2007,9564
KEN_011_clean_R1000.txt,SE,15341,2172,10165
LND_001_R1000.txt,SE,19802,2868,12075
LND_002_clean_R1000.txt,SE,18661,2710,11900
LND_003_clean_R1000.txt,SE,16464,2527,10068
LND_004_clean_R1000.txt,SE,18894,2577,11114
LND_005_R1000.txt,SE,16524,2462,10147
LND_006_clean_R1000.txt,SE,15214,2566,9993
LND_007_clean_R1000.txt,SE,15888,2475,10213
MDX_001_clean_R1000.txt,SE,15134,2226,8862
MDX_002_clean_R1000.txt,SE,18590,2282,11221
SFK_001_R1000.txt,SE,5755,963,3731
SFK_002_R1000.txt,SE,8022,1203,4936
SFK_003_R1000.txt,SE,8510,1364,5491
SFK_004_R1000.txt,SE,12619,1742,7875
SFK_005_R1000.txt,SE,7636,1182,4839
SFK_006_R1000.txt,SE,15413,2438,9797
SFK_007_R1000.txt,SE,8781,1201,5605
SFK_008_R1000.txt,SE,2296,349,1456
SFK_009_R1000.txt,SE,8883,1488,5755
SFK_010_R1000.txt,SE,8098,1226,5159
SFK_011_R1000.txt,SE,10536,1713,7036
SFK_012_R1000.txt,SE,7675,1120,4961
SFK_013_R1000.txt,SE,9358,1334,5867
SFK_014_R1000.txt,SE,9203,1321,5673
SFK_015_R1000.txt,SE,8231,1286,5075
SFK_016_R1000.txt,SE,8662,1203,5176
SFK_017_R1000.txt,SE,8312,1432,5314
SFK_018_R1000.txt,SE,8093,1260,5216
SFK_019_R1000.txt,SE,4397,670,2793
SFK_020_R1000.txt,SE,7454,1069,4623
SFK_021_R1000.txt,SE,7168,1018,4384
SFK_022_R1000.txt,SE,6969,947,4180
SFK_023_R1000.txt,SE,6920,906,4137
SFK_024_R1000.txt,SE,7624,1111,4588
SFK_025_R1000.txt,SE,8239,1052,5002
SFK_026_R1000.txt,SE,7965,1245,4582
SFK_027_R1000.txt,SE,3892,668,2538
SFK_028_R1000.txt,SE,9464,1291,5801
SFK_029_R1000.txt,SE,8835,1233,5206
SFK_030_R1000.txt,SE,7375,999,4514
SFK_031_R1000.txt,SE,7727,1277,4867
SFK_032_R1000.txt,SE,10464,1566,6401
SFK_033_R1000.txt,SE,7699,1117,4695
SFK_034_R1000.txt,SE,9253,1315,5944
SFK_035_R1000.txt,SE,7433,1104,4508
SFK_036_R1000.txt,SE,10004,1637,6289
SFK_037_R1000.txt,SE,10079,1355,6124
SFK_038_R1000.txt,SE,8370,1248,5074
SFK_039_R1000.txt,SE,8261,1091,4931
SIN_s1a-001_R1000.txt,SIN,2114,238,1160
SIN_s1a-002_R1000.txt,SIN,2052,291,1168
SIN_s1a-003_R1000.txt,SIN,2854,453,1700
SIN_s1a-004_R1000.txt,SIN,2269,309,1331
SIN_s1a-005_R1000.txt,SIN,2057,241,1137
SIN_s1a-006_R1000.txt,SIN,2097,207,1024
SIN_s1a-007_R1000.txt,SIN,2067,160,970
SIN_s1a-008_R1000.txt,SIN,2165,319,1239
SIN_s1a-009_R1000.txt,SIN,2185,233,1246
SIN_s1a-010_R1000.txt,SIN,2177,202,1175
SIN_s1a-011_R1000.txt,SIN,2322,241,1227
SIN_s1a-012_R1000.txt,SIN,2303,298,1351
SIN_s1a-013_R1000.txt,SIN,2382,256,1250
SIN_s1a-014_R1000.txt,SIN,2424,278,1229
SIN_s1a-015_R1000.txt,SIN,2394,286,1391
SIN_s1a-016_R1000.txt,SIN,2090,227,1179
SIN_s1a-017_R1000.txt,SIN,2024,241,1012
SIN_s1a-018_R1000.txt,SIN,2141,239,1104
SIN_s1a-019_R1000.txt,SIN,2548,332,1405
SIN_s1a-020_R1000.txt,SIN,2345,266,1305
SIN_s1a-021_R1000.txt,SIN,2151,322,1268
SIN_s1a-022_R1000.txt,SIN,2145,267,1303
SIN_s1a-023_R1000.txt,SIN,2299,261,1173
SIN_s1a-024_R1000.txt,SIN,2247,286,1293
SIN_s1a-025_R1000.txt,SIN,2454,367,1374
SIN_s1a-026_R1000.txt,SIN,2063,246,1135
SIN_s1a-027_R1000.txt,SIN,2357,275,1467
SIN_s1a-028_R1000.txt,SIN,2070,219,1198
SIN_s1a-029_R1000.txt,SIN,2343,299,1379
SIN_s1a-030_R1000.txt,SIN,2506,386,1467
SIN_s1a-031_R1000.txt,SIN,2236,275,1323
SIN_s1a-032_R1000.txt,SIN,2174,192,1183
SIN_s1a-033_R1000.txt,SIN,2318,338,1367
SIN_s1a-034_R1000.txt,SIN,2590,413,1587
SIN_s1a-035_R1000.txt,SIN,2013,249,1022
SIN_s1a-036_R1000.txt,SIN,2476,369,1518
SIN_s1a-037_R1000.txt,SIN,2128,314,1269
SIN_s1a-038_R1000.txt,SIN,2100,191,1151
SIN_s1a-039_R1000.txt,SIN,2188,300,1207
SIN_s1a-040_R1000.txt,SIN,2286,321,1303
SIN_s1a-041_R1000.txt,SIN,2120,309,1290
SIN_s1a-042_R1000.txt,SIN,2331,303,1362
SIN_s1a-043_R1000.txt,SIN,2170,255,1165
SIN_s1a-044_R1000.txt,SIN,2196,276,1282
SIN_s1a-045_R1000.txt,SIN,2429,334,1414
SIN_s1a-046_R1000.txt,SIN,2124,258,1300
SIN_s1a-047_R1000.txt,SIN,2131,301,1317
SIN_s1a-048_R1000.txt,SIN,2222,235,1247
SIN_s1a-049_R1000.txt,SIN,2031,278,1102
SIN_s1a-050_R1000.txt,SIN,2059,220,1104
SIN_s1a-051_R1000.txt,SIN,2068,232,1124
SIN_s1a-052_R1000.txt,SIN,2043,227,1128
SIN_s1a-053_R1000.txt,SIN,2034,298,1186
SIN_s1a-054_R1000.txt,SIN,2068,186,1104
SIN_s1a-055_R1000.txt,SIN,2915,428,1842
SIN_s1a-056_R1000.txt,SIN,2064,260,1156
SIN_s1a-057_R1000.txt,SIN,2173,287,1181
SIN_s1a-058_R1000.txt,SIN,2121,315,1259
SIN_s1a-059_R1000.txt,SIN,2045,267,1216
SIN_s1a-060_R1000.txt,SIN,2134,231,1255
SIN_s1a-061_R1000.txt,SIN,2045,234,1210
SIN_s1a-062_R1000.txt,SIN,2286,338,1396
SIN_s1a-063_R1000.txt,SIN,2142,255,1229
SIN_s1a-064_R1000.txt,SIN,2228,226,1248
SIN_s1a-065_R1000.txt,SIN,2036,232,1154
SIN_s1a-066_R1000.txt,SIN,2171,339,1344
SIN_s1a-067_R1000.txt,SIN,2183,260,1310
SIN_s1a-068_R1000.txt,SIN,2085,317,1275
SIN_s1a-069_R1000.txt,SIN,2608,325,1516
SIN_s1a-070_R1000.txt,SIN,2442,329,1537
SIN_s1a-071_R1000.txt,SIN,2047,211,1179
SIN_s1a-072_R1000.txt,SIN,2810,423,1719
SIN_s1a-073_R1000.txt,SIN,2182,299,1320
SIN_s1a-074_R1000.txt,SIN,2086,260,1193
SIN_s1a-075_R1000.txt,SIN,2061,321,1321
SIN_s1a-076_R1000.txt,SIN,2153,256,1202
SIN_s1a-077_R1000.txt,SIN,2034,260,1133
SIN_s1a-078_R1000.txt,SIN,2059,322,1277
SIN_s1a-079_R1000.txt,SIN,3163,459,1886
SIN_s1a-080_R1000.txt,SIN,2793,412,1663
SIN_s1a-081_R1000.txt,SIN,2050,307,1195
SIN_s1a-082_R1000.txt,SIN,2032,264,1053
SIN_s1a-083_R1000.txt,SIN,2018,261,1036
SIN_s1a-084_R1000.txt,SIN,2391,207,1204
SIN_s1a-085_R1000.txt,SIN,2084,189,946
SIN_s1a-086_R1000.txt,SIN,2597,327,1482
SIN_s1a-087_R1000.txt,SIN,1965,296,1074
SIN_s1a-088_R1000.txt,SIN,2179,253,1178
SIN_s1a-089_R1000.txt,SIN,2086,276,1232
SIN_s1a-090_R1000.txt,SIN,3033,419,1763
SIN_s1a-091_R1000.txt,SIN,2231,190,1039
SIN_s1a-092_R1000.txt,SIN,2130,261,1147
SIN_s1a-093_R1000.txt,SIN,2677,416,1567
SIN_s1a-094_R1000.txt,SIN,2363,264,1328
SIN_s1a-095_R1000.txt,SIN,2169,256,1209
SIN_s1a-096_R1000.txt,SIN,2803,277,1460
SIN_s1a-097_R1000.txt,SIN,2427,266,1376
SIN_s1a-098_R1000.txt,SIN,2721,361,1551
SIN_s1a-099_R1000.txt,SIN,2114,279,1200
SIN_s1a-100_R1000.txt,SIN,2033,282,1181
SL_s1a-001_R1000.txt,SL,2393,331,1423
SL_s1a-002_R1000.txt,SL,2876,398,1797
SL_s1a-003_R1000.txt,SL,2373,389,1402
SL_s1a-004_R1000.txt,SL,3076,480,1773
SL_s1a-005_R1000.txt,SL,2662,333,1544
SL_s1a-006_R1000.txt,SL,2704,411,1405
SL_s1a-007_R1000.txt,SL,3175,458,1914
SL_s1a-008_R1000.txt,SL,2540,364,1570
SL_s1a-009_R1000.txt,SL,2397,381,1427
SL_s1a-010_R1000.txt,SL,2232,334,1300
SL_s1a-011_R1000.txt,SL,2192,348,1210
SL_s1a-012_R1000.txt,SL,2544,403,1483
SL_s1a-013_R1000.txt,SL,2310,355,1426
SL_s1a-014_R1000.txt,SL,2487,348,1208
SL_s1a-015_R1000.txt,SL,2238,325,1327
SL_s1a-016_R1000.txt,SL,2770,460,1581
SL_s1a-017_R1000.txt,SL,2361,413,1421
SL_s1a-018_R1000.txt,SL,2300,309,1274
SL_s1a-019_R1000.txt,SL,2961,503,1610
SL_s1a-020_R1000.txt,SL,2389,358,1356
SL_s1a-021_R1000.txt,SL,2503,417,1522
SL_s1a-022_R1000.txt,SL,2831,444,1851
SL_s1a-023_R1000.txt,SL,2369,310,1406
SL_s1a-024_R1000.txt,SL,2388,394,1344
SL_s1a-025_R1000.txt,SL,2288,300,1400
SL_s1a-026_R1000.txt,SL,2612,417,1527
SL_s1a-027_R1000.txt,SL,2543,422,1409
SL_s1a-028_R1000.txt,SL,2384,334,1381
SL_s1a-029_R1000.txt,SL,2363,304,1245
SL_s1a-030_R1000.txt,SL,2308,294,1089
SL_s1a-031_R1000.txt,SL,2286,309,1207
SL_s1a-032_R1000.txt,SL,2241,313,1228
SL_s1a-033_R1000.txt,SL,2183,274,1237
SL_s1a-034_R1000.txt,SL,2343,295,1368
SL_s1a-035_R1000.txt,SL,2571,365,1539
SL_s1a-036_R1000.txt,SL,2665,369,1515
SL_s1a-037_R1000.txt,SL,2262,345,1300
SL_s1a-038_R1000.txt,SL,2304,347,1407
SL_s1a-039_R1000.txt,SL,2285,295,1267
SL_s1a-040_R1000.txt,SL,2393,338,1443
SL_s1a-041_R1000.txt,SL,2220,340,1339
SL_s1a-042_R1000.txt,SL,2322,350,1281
SL_s1a-043_R1000.txt,SL,2290,298,1255
SL_s1a-044_R1000.txt,SL,2438,378,1496
SL_s1a-045_R1000.txt,SL,2500,406,1460
SL_s1a-046_R1000.txt,SL,2377,325,1311
SL_s1a-047_R1000.txt,SL,2303,309,1296
SL_s1a-048_R1000.txt,SL,2577,356,1377
SL_s1a-049_R1000.txt,SL,2770,388,1264
SL_s1a-050_R1000.txt,SL,2332,341,1315
SL_s1a-051_R1000.txt,SL,2310,334,1245
SL_s1a-052_R1000.txt,SL,2116,357,1247
SL_s1a-053_R1000.txt,SL,2353,312,1423
SL_s1a-054_R1000.txt,SL,2196,292,1126
SL_s1a-055_R1000.txt,SL,2400,367,1417
SL_s1a-056_R1000.txt,SL,2445,355,1376
SL_s1a-057_R1000.txt,SL,2176,329,1167
SL_s1a-058_R1000.txt,SL,3100,420,1521
SL_s1a-059_R1000.txt,SL,2253,272,1306
SL_s1a-060_R1000.txt,SL,2395,418,1387
SL_s1a-061_R1000.txt,SL,2255,281,1170
SL_s1a-062_R1000.txt,SL,2767,396,1464
SL_s1a-063_R1000.txt,SL,2122,293,1292
SL_s1a-064_R1000.txt,SL,2327,271,1252
SL_s1a-065_R1000.txt,SL,2244,316,1212
SL_s1a-066_R1000.txt,SL,2267,262,1159
SL_s1a-067_R1000.txt,SL,2247,332,1299
SL_s1a-068_R1000.txt,SL,2490,447,1501
SL_s1a-069_R1000.txt,SL,2368,296,1382
SL_s1a-070_R1000.txt,SL,2486,355,1475
SL_s1a-071_R1000.txt,SL,2777,398,1579
SL_s1a-072_R1000.txt,SL,2446,290,1327
SL_s1a-073_R1000.txt,SL,2278,335,1363
SL_s1a-074_R1000.txt,SL,2237,305,1279
SL_s1a-075_R1000.txt,SL,2310,277,1253
SL_s1a-076_R1000.txt,SL,2389,251,1264
SL_s1a-077_R1000.txt,SL,2305,294,1331
SL_s1a-078_R1000.txt,SL,2959,375,1423
SL_s1a-079_R1000.txt,SL,2294,317,1273
SL_s1a-080_R1000.txt,SL,2308,297,1304
SL_s1a-081_R1000.txt,SL,2252,275,1224
SL_s1a-082_R1000.txt,SL,2460,366,1484
SL_s1a-083_R1000.txt,SL,2475,367,1400
SL_s1a-084_R1000.txt,SL,2239,325,1321
SL_s1a-085_R1000.txt,SL,2375,398,1408
SL_s1a-086_R1000.txt,SL,2209,315,1204
SL_s1a-087_R1000.txt,SL,2393,345,1459
SL_s1a-088_R1000.txt,SL,2326,357,1321
SL_s1a-089_R1000.txt,SL,2364,327,1372
SL_s1a-090_R1000.txt,SL,2319,251,1199
SL_s1a-091_R1000.txt,SL,2332,315,1332
SL_s1a-092_R1000.txt,SL,2219,285,1312
SL_s1a-093_R1000.txt,SL,2486,292,1304
SL_s1a-094_R1000.txt,SL,2513,321,1347
SL_s1a-095_R1000.txt,SL,2190,342,1240
SL_s1a-096_R1000.txt,SL,2282,377,1301
SL_s1a-097_R1000.txt,SL,2329,372,1440
SL_s1a-098_R1000.txt,SL,2225,328,1285
SL_s1a-099_R1000.txt,SL,2426,367,1461
SL_s1a-100_R1000.txt,SL,2372,381,1489
CON_001_clean_R1000.txt,SW,4814,734,2920
CON_002_clean_R1000.txt,SW,7068,900,4212
CON_003_clean_R1000.txt,SW,6491,1009,3945
CON_004_clean_R1000.txt,SW,2068,333,1251
CON_005_clean_R1000.txt,SW,8400,1051,5040
CON_006_clean_R1000.txt,SW,7121,1053,4021
CON_007_R1000.txt,SW,15290,2068,9358
CON_008_R1000.txt,SW,10922,1805,7207
CON_009_R1000.txt,SW,12063,2037,7968
CON_010_R1000.txt,SW,11338,1830,7531
CON_011_R1000.txt,SW,43863,5877,27769
CON_012_R1000.txt,SW,678,105,407
DEV_001_clean_R1000.txt,SW,12221,2042,7975
DEV_002_clean_R1000.txt,SW,6602,1108,4305
DEV_003_clean_R1000.txt,SW,7200,1146,4524
DEV_004_clean_R1000.txt,SW,5857,911,3475
DEV_005_clean_R1000.txt,SW,14384,2261,9004
DEV_006_R1000.txt,SW,7881,1402,5084
DEV_007_clean_R1000.txt,SW,13344,1927,8103
DEV_008_clean_R1000.txt,SW,14031,1878,8194
DEV_009_clean_R1000.txt,SW,12950,2064,8445
DEV_010_clean_R1000.txt,SW,10884,1679,6992
DEV_011_R1000.txt,SW,7068,1198,4472
OXF_001_clean_R1000.txt,SW,7381,1084,4532
OXF_002_clean_R1000.txt,SW,10789,1653,6642
SOM_001_clean_R1000.txt,SW,6096,946,3911
SOM_002_clean_R1000.txt,SW,4625,660,2906
SOM_003_R1000.txt,SW,4877,678,3063
SOM_004_clean_R1000.txt,SW,5716,856,3526
SOM_005_clean_R1000.txt,SW,8473,1164,5322
SOM_006_clean_R1000.txt,SW,5399,809,3416
SOM_007_R1000.txt,SW,8151,1183,5180
SOM_008_clean_R1000.txt,SW,6380,875,4051
SOM_009_clean_R1000.txt,SW,11998,1643,7341
SOM_010_R1000.txt,SW,8931,1103,5408
SOM_011_R1000.txt,SW,20084,2796,12294
SOM_012_clean_R1000.txt,SW,8171,1249,5007
SOM_013_clean_R1000.txt,SW,6108,850,3687
SOM_014_clean_R1000.txt,SW,11972,1892,7540
SOM_015_R1000.txt,SW,2894,401,1715
SOM_016_R1000.txt,SW,3430,600,2132
SOM_017_R1000.txt,SW,4172,589,2400
SOM_018_R1000.txt,SW,3071,419,1826
SOM_019_R1000.txt,SW,13448,2076,8983
SOM_020_R1000.txt,SW,4529,757,2881
SOM_021_R1000.txt,SW,7429,1150,4822
SOM_022_R1000.txt,SW,3324,469,2054
SOM_023_R1000.txt,SW,2513,415,1596
SOM_024_R1000.txt,SW,4845,771,3099
SOM_025_R1000.txt,SW,2031,295,1220
SOM_026_R1000.txt,SW,2364,356,1415
SOM_027_R1000.txt,SW,6302,1031,3928
SOM_028_R1000.txt,SW,17668,2625,10576
SOM_029_R1000.txt,SW,8287,1225,5138
SOM_030_R1000.txt,SW,7344,1083,4409
SOM_031_R1000.txt,SW,6946,1040,4162
SOM_032_R1000.txt,SW,10866,1589,6522
SOM_033_R1000.txt,SW,9698,1822,6121
SOM_034_clean_R1000.txt,SW,4021,556,2333
SOM_035_clean_R1000.txt,SW,4141,593,2414
SOM_036_R1000.txt,SW,4272,628,2643
WIL_001_clean_R1000.txt,SW,12852,1898,7922
WIL_002_clean_R1000.txt,SW,6427,923,4021
WIL_003_clean_R1000.txt,SW,10429,1562,6169
WIL_004_clean_R1000.txt,SW,9751,1482,6039
WIL_005_clean_R1000.txt,SW,12867,2111,7782
WIL_006_clean_R1000.txt,SW,9774,1686,6358
WIL_007_clean_R1000.txt,SW,7755,1217,4753
WIL_008_clean_R1000.txt,SW,17204,2957,11083
WIL_009_R1000.txt,SW,5809,873,3717
WIL_010_clean_R1000.txt,SW,6456,892,3918
WIL_011_R1000.txt,SW,5072,672,2968
WIL_012_R1000.txt,SW,2791,473,1787
WIL_013_R1000.txt,SW,1969,374,1245
WIL_014_R1000.txt,SW,4957,886,3097
WIL_015_R1000.txt,SW,11548,1995,7630
WIL_016_R1000.txt,SW,6195,1006,3930
WIL_017_R1000.txt,SW,12179,1943,7793
WIL_018_R1000.txt,SW,12047,1793,7273
WIL_019_R1000.txt,SW,6001,980,3762
WIL_020_R1000.txt,SW,3250,569,2085
WIL_021_R1000.txt,SW,1703,291,1056
WIL_022_R1000.txt,SW,25814,4383,16637
WIL_023_R1000.txt,SW,9870,1472,6126
WIL_024_R1000.txt,SW,7046,1043,4369
INV_001_clean_R1000.txt,ScH,3149,592,2002
ROC_001_clean_R1000.txt,ScH,7139,1246,4578
ROC_002_clean_R1000.txt,ScH,4920,609,2173
SUT_001_clean_R1000.txt,ScH,221,32,138
SUT_002_clean_R1000.txt,ScH,4191,762,2794
SUT_003_clean_R1000.txt,ScH,3778,710,2379
SUT_004_clean_R1000.txt,ScH,3981,598,2589
ANS_001_R1000.txt,ScL,6591,1173,4171
ANS_002_R1000.txt,ScL,2067,320,1231
ANS_003_R1000.txt,ScL,9420,1530,5349
ANS_004_R1000.txt,ScL,4551,718,2886
BAN_001_R1000.txt,ScL,6250,1121,4091
DFS_001_R1000.txt,ScL,11870,1552,6393
ELN_001_R1000.txt,ScL,2578,344,1586
ELN_002_R1000.txt,ScL,3107,421,1918
ELN_003_R1000.txt,ScL,1655,231,977
ELN_004_clean_R1000.txt,ScL,2925,525,1883
ELN_005_clean_R1000.txt,ScL,1984,351,1306
ELN_006_clean_R1000.txt,ScL,1516,210,940
ELN_007_clean_R1000.txt,ScL,3485,493,2257
ELN_008_clean_R1000.txt,ScL,4763,716,2847
ELN_009_clean_R1000.txt,ScL,10084,1616,6516
ELN_010_clean_R1000.txt,ScL,2269,399,1440
ELN_011_clean_R1000.txt,ScL,2694,544,1801
ELN_012_clean_R1000.txt,ScL,3944,604,2427
ELN_013_clean_R1000.txt,ScL,932,139,564
ELN_014_clean_R1000.txt,ScL,3981,659,2615
ELN_015_R1000.txt,ScL,2470,471,1517
FIF_001_R1000.txt,ScL,4005,678,2688
KCD_001_R1000.txt,ScL,8017,1440,5182
KRS_001_R1000.txt,ScL,2386,413,1535
LKS_001_R1000.txt,ScL,4231,637,2610
MLN_001_R1000.txt,ScL,2456,380,1461
MLN_002_R1000.txt,ScL,2557,418,1593
MLN_003_R1000.txt,ScL,2228,322,1303
MLN_004_clean_R1000.txt,ScL,3298,542,2035
MLN_005_R1000.txt,ScL,5397,840,3316
MLN_006_clean_R1000.txt,ScL,9653,1459,5283
MLN_007_clean_R1000.txt,ScL,16205,2635,10224
PEE_001_R1000.txt,ScL,3583,578,2181
PEE_002_R1000.txt,ScL,13797,2186,8977
PER_001_R1000.txt,ScL,3630,586,2180
PER_002_R1000.txt,ScL,2659,422,1666
PER_003_R1000.txt,ScL,9015,1420,5720
PER_004_R1000.txt,ScL,4616,944,3071
PER_005_R1000.txt,ScL,1825,271,1133
SEL_001_R1000.txt,ScL,4960,794,3262
SEL_002_R1000.txt,ScL,3280,471,2063
SEL_003_R1000.txt,ScL,2383,337,1395
WLN_001_clean_R1000.txt,ScL,2321,474,1529
WLN_002_clean_R1000.txt,ScL,2177,363,1418
WLN_003_clean_R1000.txt,ScL,8013,1158,4530
WLN_004_clean_R1000.txt,ScL,8831,1308,5118
WLN_005_clean_R1000.txt,ScL,1153,227,726
WLN_006_clean_R1000.txt,ScL,3387,528,2030
TT_s1a-001_R1000.txt,TT,2100,230,1349
TT_s1a-002_R1000.txt,TT,2075,287,1245
TT_s1a-003_R1000.txt,TT,2164,332,1398
TT_s1a-004_R1000.txt,TT,2140,190,1225
TT_s1a-005_R1000.txt,TT,2531,228,1503
TT_s1a-006_R1000.txt,TT,2111,234,1242
TT_s1a-007_R1000.txt,TT,2019,249,1205
TT_s1a-008_R1000.txt,TT,2116,345,1358
TT_s1a-009_R1000.txt,TT,2049,284,1296
TT_s1a-010_R1000.txt,TT,2191,282,1352
TT_s1a-011_R1000.txt,TT,2156,303,1335
TT_s1a-012_R1000.txt,TT,2109,299,1371
TT_s1a-013_R1000.txt,TT,2111,304,1293
TT_s1a-014_R1000.txt,TT,2341,276,1452
TT_s1a-015_R1000.txt,TT,2092,285,1292
TT_s1a-016_R1000.txt,TT,2089,280,1299
TT_s1a-017_R1000.txt,TT,2073,278,1225
TT_s1a-018_R1000.txt,TT,2079,263,1242
TT_s1a-019_R1000.txt,TT,2182,269,1310
TT_s1a-020_R1000.txt,TT,2140,300,1292
TT_s1a-021_R1000.txt,TT,2045,261,1193
TT_s1a-022_R1000.txt,TT,2094,247,1314
TT_s1a-023_R1000.txt,TT,2096,251,1233
TT_s1a-024_R1000.txt,TT,2076,218,1293
TT_s1a-025_R1000.txt,TT,2065,295,1301
TT_s1a-026_R1000.txt,TT,2159,240,1343
TT_s1a-027_R1000.txt,TT,2027,209,1211
TT_s1a-028_R1000.txt,TT,2096,258,1205
TT_s1a-029_R1000.txt,TT,2118,328,1300
TT_s1a-030_R1000.txt,TT,2179,268,1273
TT_s1a-031_R1000.txt,TT,2165,342,1285
TT_s1a-032_R1000.txt,TT,2207,327,1258
TT_s1a-033_R1000.txt,TT,2077,189,1240
TT_s1a-034_R1000.txt,TT,2115,263,1251
TT_s1a-035_R1000.txt,TT,2118,238,1255
TT_s1a-036_R1000.txt,TT,2223,296,1320
TT_s1a-037_R1000.txt,TT,2171,281,1223
TT_s1a-038_R1000.txt,TT,2163,260,1338
TT_s1a-039_R1000.txt,TT,2078,272,1293
TT_s1a-040_R1000.txt,TT,2171,351,1354
TT_s1a-041_R1000.txt,TT,2143,317,1253
TT_s1a-042_R1000.txt,TT,2128,316,1265
TT_s1a-043_R1000.txt,TT,2137,241,1273
TT_s1a-044_R1000.txt,TT,2165,335,1316
TT_s1a-045_R1000.txt,TT,2163,298,1356
TT_s1a-046_R1000.txt,TT,2114,248,1252
TT_s1a-047_R1000.txt,TT,2184,324,1325
TT_s1a-048_R1000.txt,TT,2111,207,1182
TT_s1a-049_R1000.txt,TT,2160,284,1336
TT_s1a-050_R1000.txt,TT,2167,356,1361
TT_s1a-051_R1000.txt,TT,2200,332,1366
TT_s1a-052_R1000.txt,TT,2091,267,1233
TT_s1a-053_R1000.txt,TT,2128,290,1289
TT_s1a-054_R1000.txt,TT,2146,336,1294
TT_s1a-055_R1000.txt,TT,2158,330,1335
TT_s1a-056_R1000.txt,TT,2139,266,1240
TT_s1a-057_R1000.txt,TT,2682,294,1556
TT_s1a-058_R1000.txt,TT,2736,374,1584
TT_s1a-059_R1000.txt,TT,2571,289,1489
TT_s1a-060_R1000.txt,TT,2066,275,1322
TT_s1a-061_R1000.txt,TT,2086,197,1194
TT_s1a-062_R1000.txt,TT,2056,311,1339
TT_s1a-063_R1000.txt,TT,2121,288,1270
TT_s1a-064_R1000.txt,TT,2062,236,1114
TT_s1a-065_R1000.txt,TT,2095,297,1164
TT_s1a-066_R1000.txt,TT,2045,264,1104
TT_s1a-067_R1000.txt,TT,2139,256,1153
TT_s1a-068_R1000.txt,TT,2986,372,1694
TT_s1a-069_R1000.txt,TT,2806,329,1595
TT_s1a-070_R1000.txt,TT,2448,319,1401
TT_s1a-071_R1000.txt,TT,2647,303,1450
TT_s1a-072_R1000.txt,TT,2061,222,1275
TT_s1a-073_R1000.txt,TT,2522,286,1420
TT_s1a-074_R1000.txt,TT,2075,274,1322
TT_s1a-075_R1000.txt,TT,2811,318,1588
TT_s1a-076_R1000.txt,TT,2066,262,1301
TT_s1a-077_R1000.txt,TT,2056,280,1309
TT_s1a-078_R1000.txt,TT,2096,238,1266
TT_s1a-079_R1000.txt,TT,2043,292,1326
TT_s1a-080_R1000.txt,TT,2088,230,1362
TT_s1a-081_R1000.txt,TT,2094,260,1341
TT_s1a-082_R1000.txt,TT,2092,285,1266
TT_s1a-083_R1000.txt,TT,2075,261,1268
TT_s1a-084_R1000.txt,TT,3028,302,1604
TT_s1a-085_R1000.txt,TT,2730,308,1511
TT_s1a-086_R1000.txt,TT,2709,321,1472
TT_s1a-087_R1000.txt,TT,2193,248,1405
TT_s1a-088_R1000.txt,TT,2586,322,1530
TT_s1a-089_R1000.txt,TT,2997,284,1652
TT_s1a-090_R1000.txt,TT,2274,275,1343
TT_s1a-091_R1000.txt,TT,2099,282,1255
TT_s1a-092_R1000.txt,TT,2132,196,1141
TT_s1a-093_R1000.txt,TT,2087,193,1222
TT_s1a-094_R1000.txt,TT,2054,231,1037
TT_s1a-095_R1000.txt,TT,2105,239,1226
TT_s1a-096_R1000.txt,TT,2123,183,1081
TT_s1a-097_R1000.txt,TT,2063,161,997
TT_s1a-098_R1000.txt,TT,2030,255,1123
TT_s1a-099_R1000.txt,TT,2048,236,1105
TT_s1a-100_R1000.txt,TT,2059,219,1093
UG_s1a-001_R1000.txt,UG,2589,372,1491
UG_s1a-002_R1000.txt,UG,2642,382,1464
UG_s1a-003_R1000.txt,UG,2187,285,1275
UG_s1a-004_R1000.txt,UG,2293,278,1329
UG_s1a-005_R1000.txt,UG,2414,294,1370
UG_s1a-006_R1000.txt,UG,2489,345,1490
UG_s1a-007_R1000.txt,UG,2309,261,1241
UG_s1a-008_R1000.txt,UG,2361,280,1334
UG_s1a-009_R1000.txt,UG,2162,241,1241
UG_s1a-010_R1000.txt,UG,2054,293,1209
UG_s1a-011_R1000.txt,UG,2099,239,1123
UG_s1a-012_R1000.txt,UG,2057,276,1042
UG_s1a-013_R1000.txt,UG,2098,253,1225
UG_s1a-014_R1000.txt,UG,2131,274,1209
UG_s1a-015_R1000.txt,UG,2082,263,1202
UG_s1a-016_R1000.txt,UG,2110,234,1185
UG_s1a-017_R1000.txt,UG,2229,315,1268
UG_s1a-018_R1000.txt,UG,2226,297,1290
UG_s1a-019_R1000.txt,UG,2163,255,1159
UG_s1a-020_R1000.txt,UG,2126,236,1037
UG_s1a-021_R1000.txt,UG,2262,298,1215
UG_s1a-022_R1000.txt,UG,2344,254,1289
UG_s1a-023_R1000.txt,UG,2242,286,1192
UG_s1a-024_R1000.txt,UG,2244,273,1235
UG_s1a-025_R1000.txt,UG,2159,248,1152
UG_s1a-026_R1000.txt,UG,2327,319,1413
UG_s1a-027_R1000.txt,UG,2320,340,1401
UG_s1a-028_R1000.txt,UG,2130,310,1321
UG_s1a-029_R1000.txt,UG,2150,313,1226
UG_s1a-030_R1000.txt,UG,2045,257,1068
UG_s1a-031_R1000.txt,UG,2255,309,1327
UG_s1a-032_R1000.txt,UG,2288,300,1385
UG_s1a-033_R1000.txt,UG,2447,318,1444
UG_s1a-034_R1000.txt,UG,2286,238,1316
UG_s1a-035_R1000.txt,UG,2360,364,1428
UG_s1a-036_R1000.txt,UG,2225,325,1395
UG_s1a-037_R1000.txt,UG,2057,286,1168
UG_s1a-038_R1000.txt,UG,2140,213,996
UG_s1a-039_R1000.txt,UG,2340,343,1321
UG_s1a-040_R1000.txt,UG,2121,291,1235
UG_s1a-041_R1000.txt,UG,2191,314,1320
UG_s1a-042_R1000.txt,UG,2335,348,1356
UG_s1a-043_R1000.txt,UG,2173,288,1289
UG_s1a-044_R1000.txt,UG,2466,298,1404
UG_s1a-045_R1000.txt,UG,2143,293,1213
UG_s1a-046_R1000.txt,UG,2115,242,1112
UG_s1a-047_R1000.txt,UG,2073,247,1062
UG_s1a-048_R1000.txt,UG,2369,314,1374
UG_s1a-049_R1000.txt,UG,2196,239,1178
UG_s1a-050_R1000.txt,UG,2211,243,1252
UG_s1a-051_R1000.txt,UG,2152,347,1448
UG_s1a-052_R1000.txt,UG,2220,214,1259
UG_s1a-053_R1000.txt,UG,2364,319,1417
UG_s1a-054_R1000.txt,UG,2186,269,1265
UG_s1a-055_R1000.txt,UG,2112,297,1103
UG_s1a-056_R1000.txt,UG,2124,256,1129
UG_s1a-057_R1000.txt,UG,2188,301,1305
UG_s1a-058_R1000.txt,UG,2184,317,1263
UG_s1a-059_R1000.txt,UG,2188,272,1384
UG_s1a-060_R1000.txt,UG,2168,288,1137
UG_s1a-061_R1000.txt,UG,2154,259,1197
UG_s1a-062_R1000.txt,UG,2096,304,1300
UG_s1a-063_R1000.txt,UG,2247,265,1263
UG_s1a-064_R1000.txt,UG,2165,293,1267
UG_s1a-065_R1000.txt,UG,2228,272,1230
UG_s1a-066_R1000.txt,UG,2106,311,1193
UG_s1a-067_R1000.txt,UG,2144,255,1073
UG_s1a-068_R1000.txt,UG,2256,310,1246
UG_s1a-069_R1000.txt,UG,2255,375,1290
UG_s1a-070_R1000.txt,UG,2235,262,1244
UG_s1a-071_R1000.txt,UG,2121,263,1129
UG_s1a-072_R1000.txt,UG,2179,256,1106
UG_s1a-073_R1000.txt,UG,2367,315,1352
UG_s1a-074_R1000.txt,UG,2235,269,1293
UG_s1a-075_R1000.txt,UG,2309,249,1344
UG_s1a-076_R1000.txt,UG,2194,248,1203
UG_s1a-077_R1000.txt,UG,2433,319,1482
UG_s1a-078_R1000.txt,UG,2116,265,1079
UG_s1a-079_R1000.txt,UG,2081,308,1277
UG_s1a-080_R1000.txt,UG,2277,352,1332
UG_s1a-081_R1000.txt,UG,2299,285,1251
UG_s1a-082_R1000.txt,UG,2385,288,1262
UG_s1a-083_R1000.txt,UG,2170,265,1231
UG_s1a-084_R1000.txt,UG,2141,325,1379
UG_s1a-085_R1000.txt,UG,2141,238,1271
UG_s1a-086_R1000.txt,UG,2404,253,1297
UG_s1a-087_R1000.txt,UG,2103,185,974
UG_s1a-088_R1000.txt,UG,2087,197,1072
UG_s1a-089_R1000.txt,UG,2197,302,1264
UG_s1a-090_R1000.txt,UG,2320,291,1297
UG_s1a-091_R1000.txt,UG,2366,281,1279
UG_s1a-092_R1000.txt,UG,2081,240,1020
UG_s1a-093_R1000.txt,UG,2131,296,1150
UG_s1a-094_R1000.txt,UG,2206,299,1160
UG_s1a-095_R1000.txt,UG,2114,254,1045
UG_s1a-096_R1000.txt,UG,2053,234,1046
UG_s1a-097_R1000.txt,UG,2171,352,1438
UG_s1a-098_R1000.txt,UG,2123,293,1140
UG_s1a-099_R1000.txt,UG,2086,254,1215
UG_s1a-100_R1000.txt,UG,2086,248,1145
DEN_001_clean_R1000.txt,Wal,6394,949,3937
DEN_002_clean_R1000.txt,Wal,9263,1476,5872
DEN_003_clean_R1000.txt,Wal,11524,1932,7584
DEN_004_clean_R1000.txt,Wal,15605,2637,10319
GLA_001_clean_R1000.txt,Wal,7958,1351,5151
GLA_002_clean_R1000.txt,Wal,10160,1674,6428
GLA_003_clean_R1000.txt,Wal,9900,1705,6271
GLA_004_clean_R1000.txt,Wal,6625,1069,4161
GLA_005_clean_R1000.txt,Wal,9684,1588,6029
GLA_006_clean_R1000.txt,Wal,5598,923,3713
GLA_007_clean_R1000.txt,Wal,9878,1550,6322
